{"type": "FeatureCollection", "features": [{"type": "Feature", "geometry": {"type": "Polygon", "coordinates": [[[0.05225, -0.04935], [0.05225, -0.05065], [0.05112, -0.0513], [0.05, -0.05065], [0.05, -0.04935], [0.05112, -0.0487], [0.05225, -0.04935], [0.05225, -0.04935]]]}, "properties": {"n": "Barnsley North", "r": -23, "q": 57, "region": "E12000003", "colour": "#F9BC26", "id": "E14001074"}, "id": "E14001074"}, {"type": "Feature", "geometry": {"type": "Polygon", "coordinates": [[[0.0545, -0.04935], [0.0545, -0.05065], [0.05337, -0.0513], [0.05225, -0.05065], [0.05225, -0.04935], [0.05337, -0.0487], [0.0545, -0.04935], [0.0545, -0.04935]]]}, "properties": {"n": "Barnsley South", "r": -23, "q": 58, "region": "E12000003", "colour": "#F9BC26", "id": "E14001075"}, "id": "E14001075"}, {"type": "Feature", "geometry": {"type": "Polygon", "coordinates": [[[0.07023, -0.08832], [0.07023, -0.08962], [0.06911, -0.09027], [0.06798, -0.08962], [0.06798, -0.08832], [0.06911, -0.08767], [0.07023, -0.08832], [0.07023, -0.08832]]]}, "properties": {"n": "Beckenham and Penge", "r": -43, "q": 65, "region": "E12000007", "colour": "#D73058", "id": "E14001083"}, "id": "E14001083"}, {"type": "Feature", "geometry": {"type": "Polygon", "coordinates": [[[0.07023, -0.08052], [0.07023, -0.08182], [0.06911, -0.08247], [0.06798, -0.08182], [0.06798, -0.08052], [0.06911, -0.07987], [0.07023, -0.08052], [0.07023, -0.08052]]]}, "properties": {"n": "Bethnal Green and Stepney", "r": -39, "q": 65, "region": "E12000007", "colour": "#D73058", "id": "E14001086"}, "id": "E14001086"}, {"type": "Feature", "geometry": {"type": "Polygon", "coordinates": [[[0.05562, -0.07078], [0.05562, -0.07208], [0.0545, -0.07273], [0.05337, -0.07208], [0.05337, -0.07078], [0.0545, -0.07013], [0.05562, -0.07078], [0.05562, -0.07078]]]}, "properties": {"n": "Bicester and Woodstock", "r": -34, "q": 59, "region": "E12000008", "colour": "#67E767", "id": "E14001090"}, "id": "E14001090"}, {"type": "Feature", "geometry": {"type": "Polygon", "coordinates": [[[0.04326, -0.06883], [0.04326, -0.07013], [0.04213, -0.07078], [0.04101, -0.07013], [0.04101, -0.06883], [0.04213, -0.06818], [0.04326, -0.06883], [0.04326, -0.06883]]]}, "properties": {"n": "Birmingham Edgbaston", "r": -33, "q": 53, "region": "E12000005", "colour": "#E6007C", "id": "E14001092"}, "id": "E14001092"}, {"type": "Feature", "geometry": {"type": "Polygon", "coordinates": [[[0.0455, -0.06494], [0.0455, -0.06624], [0.04438, -0.06689], [0.04326, -0.06624], [0.04326, -0.06494], [0.04438, -0.06429], [0.0455, -0.06494], [0.0455, -0.06494]]]}, "properties": {"n": "Birmingham Erdington", "r": -31, "q": 54, "region": "E12000005", "colour": "#E6007C", "id": "E14001093"}, "id": "E14001093"}, {"type": "Feature", "geometry": {"type": "Polygon", "coordinates": [[[0.04663, -0.06689], [0.04663, -0.06818], [0.0455, -0.06883], [0.04438, -0.06818], [0.04438, -0.06689], [0.0455, -0.06624], [0.04663, -0.06689], [0.04663, -0.06689]]]}, "properties": {"n": "Birmingham Hall Green and Moseley", "r": -32, "q": 55, "region": "E12000005", "colour": "#E6007C", "id": "E14001094"}, "id": "E14001094"}, {"type": "Feature", "geometry": {"type": "Polygon", "coordinates": [[[0.04775, -0.06494], [0.04775, -0.06624], [0.04663, -0.06689], [0.0455, -0.06624], [0.0455, -0.06494], [0.04663, -0.06429], [0.04775, -0.06494], [0.04775, -0.06494]]]}, "properties": {"n": "Birmingham Hodge Hill and Solihull North", "r": -31, "q": 55, "region": "E12000005", "colour": "#E6007C", "id": "E14001095"}, "id": "E14001095"}, {"type": "Feature", "geometry": {"type": "Polygon", "coordinates": [[[0.04438, -0.06689], [0.04438, -0.06818], [0.04326, -0.06883], [0.04213, -0.06818], [0.04213, -0.06689], [0.04326, -0.06624], [0.04438, -0.06689], [0.04438, -0.06689]]]}, "properties": {"n": "Birmingham Ladywood", "r": -32, "q": 54, "region": "E12000005", "colour": "#E6007C", "id": "E14001096"}, "id": "E14001096"}, {"type": "Feature", "geometry": {"type": "Polygon", "coordinates": [[[0.04438, -0.07078], [0.04438, -0.07208], [0.04326, -0.07273], [0.04213, -0.07208], [0.04213, -0.07078], [0.04326, -0.07013], [0.04438, -0.07078], [0.04438, -0.07078]]]}, "properties": {"n": "Birmingham Northfield", "r": -34, "q": 54, "region": "E12000005", "colour": "#E6007C", "id": "E14001097"}, "id": "E14001097"}, {"type": "Feature", "geometry": {"type": "Polygon", "coordinates": [[[0.04326, -0.06494], [0.04326, -0.06624], [0.04213, -0.06689], [0.04101, -0.06624], [0.04101, -0.06494], [0.04213, -0.06429], [0.04326, -0.06494], [0.04326, -0.06494]]]}, "properties": {"n": "Birmingham Perry Barr", "r": -31, "q": 53, "region": "E12000005", "colour": "#E6007C", "id": "E14001098"}, "id": "E14001098"}, {"type": "Feature", "geometry": {"type": "Polygon", "coordinates": [[[0.0455, -0.06883], [0.0455, -0.07013], [0.04438, -0.07078], [0.04326, -0.07013], [0.04326, -0.06883], [0.04438, -0.06818], [0.0455, -0.06883], [0.0455, -0.06883]]]}, "properties": {"n": "Birmingham Selly Oak", "r": -33, "q": 54, "region": "E12000005", "colour": "#E6007C", "id": "E14001099"}, "id": "E14001099"}, {"type": "Feature", "geometry": {"type": "Polygon", "coordinates": [[[0.04888, -0.06689], [0.04888, -0.06818], [0.04775, -0.06883], [0.04663, -0.06818], [0.04663, -0.06689], [0.04775, -0.06624], [0.04888, -0.06689], [0.04888, -0.06689]]]}, "properties": {"n": "Birmingham Yardley", "r": -32, "q": 56, "region": "E12000005", "colour": "#E6007C", "id": "E14001100"}, "id": "E14001100"}, {"type": "Feature", "geometry": {"type": "Polygon", "coordinates": [[[0.04326, -0.04935], [0.04326, -0.05065], [0.04213, -0.0513], [0.04101, -0.05065], [0.04101, -0.04935], [0.04213, -0.0487], [0.04326, -0.04935], [0.04326, -0.04935]]]}, "properties": {"n": "Blackley and Middleton South", "r": -23, "q": 53, "region": "E12000002", "colour": "#1DD3A7", "id": "E14001103"}, "id": "E14001103"}, {"type": "Feature", "geometry": {"type": "Polygon", "coordinates": [[[0.04213, -0.03961], [0.04213, -0.04091], [0.04101, -0.04156], [0.03988, -0.04091], [0.03988, -0.03961], [0.04101, -0.03896], [0.04213, -0.03961], [0.04213, -0.03961]]]}, "properties": {"n": "Blackpool North and Fleetwood", "r": -18, "q": 53, "region": "E12000002", "colour": "#1DD3A7", "id": "E14001104"}, "id": "E14001104"}, {"type": "Feature", "geometry": {"type": "Polygon", "coordinates": [[[0.04663, -0.03182], [0.04663, -0.03311], [0.0455, -0.03376], [0.04438, -0.03311], [0.04438, -0.03182], [0.0455, -0.03117], [0.04663, -0.03182], [0.04663, -0.03182]]]}, "properties": {"n": "Blaydon and Consett", "r": -14, "q": 55, "region": "E12000001", "colour": "#D60303", "id": "E14001106"}, "id": "E14001106"}, {"type": "Feature", "geometry": {"type": "Polygon", "coordinates": [[[0.04663, -0.02792], [0.04663, -0.02922], [0.0455, -0.02987], [0.04438, -0.02922], [0.04438, -0.02792], [0.0455, -0.02727], [0.04663, -0.02792], [0.04663, -0.02792]]]}, "properties": {"n": "Blyth and Ashington", "r": -12, "q": 55, "region": "E12000001", "colour": "#D60303", "id": "E14001107"}, "id": "E14001107"}, {"type": "Feature", "geometry": {"type": "Polygon", "coordinates": [[[0.03988, -0.0474], [0.03988, -0.0487], [0.03876, -0.04935], [0.03764, -0.0487], [0.03764, -0.0474], [0.03876, -0.04675], [0.03988, -0.0474], [0.03988, -0.0474]]]}, "properties": {"n": "Bolton South and Walkden", "r": -22, "q": 52, "region": "E12000002", "colour": "#1DD3A7", "id": "E14001111"}, "id": "E14001111"}, {"type": "Feature", "geometry": {"type": "Polygon", "coordinates": [[[0.06012, -0.07858], [0.06012, -0.07987], [0.05899, -0.08052], [0.05787, -0.07987], [0.05787, -0.07858], [0.05899, -0.07793], [0.06012, -0.07858], [0.06012, -0.07858]]]}, "properties": {"n": "Brent East", "r": -38, "q": 61, "region": "E12000007", "colour": "#D73058", "id": "E14001122"}, "id": "E14001122"}, {"type": "Feature", "geometry": {"type": "Polygon", "coordinates": [[[0.05787, -0.07858], [0.05787, -0.07987], [0.05674, -0.08052], [0.05562, -0.07987], [0.05562, -0.07858], [0.05674, -0.07793], [0.05787, -0.07858], [0.05787, -0.07858]]]}, "properties": {"n": "Brent West", "r": -38, "q": 60, "region": "E12000007", "colour": "#D73058", "id": "E14001123"}, "id": "E14001123"}, {"type": "Feature", "geometry": {"type": "Polygon", "coordinates": [[[0.03202, -0.08442], [0.03202, -0.08572], [0.03089, -0.08637], [0.02977, -0.08572], [0.02977, -0.08442], [0.03089, -0.08377], [0.03202, -0.08442], [0.03202, -0.08442]]]}, "properties": {"n": "Bridgwater", "r": -41, "q": 48, "region": "E12000009", "colour": "#178CFF", "id": "E14001126"}, "id": "E14001126"}, {"type": "Feature", "geometry": {"type": "Polygon", "coordinates": [[[0.06461, -0.04351], [0.06461, -0.0448], [0.06349, -0.04545], [0.06236, -0.0448], [0.06236, -0.04351], [0.06349, -0.04286], [0.06461, -0.04351], [0.06461, -0.04351]]]}, "properties": {"n": "Bridlington and The Wolds", "r": -20, "q": 63, "region": "E12000003", "colour": "#F9BC26", "id": "E14001127"}, "id": "E14001127"}, {"type": "Feature", "geometry": {"type": "Polygon", "coordinates": [[[0.06236, -0.0513], [0.06236, -0.0526], [0.06124, -0.05325], [0.06012, -0.0526], [0.06012, -0.0513], [0.06124, -0.05065], [0.06236, -0.0513], [0.06236, -0.0513]]]}, "properties": {"n": "Brigg and Immingham", "r": -24, "q": 62, "region": "E12000003", "colour": "#F9BC26", "id": "E14001128"}, "id": "E14001128"}, {"type": "Feature", "geometry": {"type": "Polygon", "coordinates": [[[0.07473, -0.09221], [0.07473, -0.09351], [0.0736, -0.09416], [0.07248, -0.09351], [0.07248, -0.09221], [0.0736, -0.09157], [0.07473, -0.09221], [0.07473, -0.09221]]]}, "properties": {"n": "Brighton Kemptown and Peacehaven", "r": -45, "q": 67, "region": "E12000008", "colour": "#67E767", "id": "E14001129"}, "id": "E14001129"}, {"type": "Feature", "geometry": {"type": "Polygon", "coordinates": [[[0.0736, -0.09027], [0.0736, -0.09157], [0.07248, -0.09221], [0.07135, -0.09157], [0.07135, -0.09027], [0.07248, -0.08962], [0.0736, -0.09027], [0.0736, -0.09027]]]}, "properties": {"n": "Brighton Pavilion", "r": -44, "q": 67, "region": "E12000008", "colour": "#67E767", "id": "E14001130"}, "id": "E14001130"}, {"type": "Feature", "geometry": {"type": "Polygon", "coordinates": [[[0.03764, -0.07858], [0.03764, -0.07987], [0.03651, -0.08052], [0.03539, -0.07987], [0.03539, -0.07858], [0.03651, -0.07793], [0.03764, -0.07858], [0.03764, -0.07858]]]}, "properties": {"n": "Bristol Central", "r": -38, "q": 51, "region": "E12000009", "colour": "#178CFF", "id": "E14001131"}, "id": "E14001131"}, {"type": "Feature", "geometry": {"type": "Polygon", "coordinates": [[[0.03876, -0.07663], [0.03876, -0.07793], [0.03764, -0.07858], [0.03651, -0.07793], [0.03651, -0.07663], [0.03764, -0.07598], [0.03876, -0.07663], [0.03876, -0.07663]]]}, "properties": {"n": "Bristol North East", "r": -37, "q": 51, "region": "E12000009", "colour": "#178CFF", "id": "E14001133"}, "id": "E14001133"}, {"type": "Feature", "geometry": {"type": "Polygon", "coordinates": [[[0.03539, -0.07858], [0.03539, -0.07987], [0.03426, -0.08052], [0.03314, -0.07987], [0.03314, -0.07858], [0.03426, -0.07793], [0.03539, -0.07858], [0.03539, -0.07858]]]}, "properties": {"n": "Bristol North West", "r": -38, "q": 50, "region": "E12000009", "colour": "#178CFF", "id": "E14001134"}, "id": "E14001134"}, {"type": "Feature", "geometry": {"type": "Polygon", "coordinates": [[[0.03876, -0.08052], [0.03876, -0.08182], [0.03764, -0.08247], [0.03651, -0.08182], [0.03651, -0.08052], [0.03764, -0.07987], [0.03876, -0.08052], [0.03876, -0.08052]]]}, "properties": {"n": "Bristol South", "r": -39, "q": 51, "region": "E12000009", "colour": "#178CFF", "id": "E14001135"}, "id": "E14001135"}, {"type": "Feature", "geometry": {"type": "Polygon", "coordinates": [[[0.07248, -0.05714], [0.07248, -0.05844], [0.07135, -0.05909], [0.07023, -0.05844], [0.07023, -0.05714], [0.07135, -0.05649], [0.07248, -0.05714], [0.07248, -0.05714]]]}, "properties": {"n": "Broadland and Fakenham", "r": -27, "q": 66, "region": "E12000006", "colour": "#FF6700", "id": "E14001136"}, "id": "E14001136"}, {"type": "Feature", "geometry": {"type": "Polygon", "coordinates": [[[0.0736, -0.08637], [0.0736, -0.08767], [0.07248, -0.08832], [0.07135, -0.08767], [0.07135, -0.08637], [0.07248, -0.08572], [0.0736, -0.08637], [0.0736, -0.08637]]]}, "properties": {"n": "Bromley and Biggin Hill", "r": -42, "q": 67, "region": "E12000007", "colour": "#D73058", "id": "E14001137"}, "id": "E14001137"}, {"type": "Feature", "geometry": {"type": "Polygon", "coordinates": [[[0.04101, -0.06883], [0.04101, -0.07013], [0.03988, -0.07078], [0.03876, -0.07013], [0.03876, -0.06883], [0.03988, -0.06818], [0.04101, -0.06883], [0.04101, -0.06883]]]}, "properties": {"n": "Bromsgrove", "r": -33, "q": 52, "region": "E12000005", "colour": "#E6007C", "id": "E14001138"}, "id": "E14001138"}, {"type": "Feature", "geometry": {"type": "Polygon", "coordinates": [[[0.07248, -0.07273], [0.07248, -0.07403], [0.07135, -0.07468], [0.07023, -0.07403], [0.07023, -0.07273], [0.07135, -0.07208], [0.07248, -0.07273], [0.07248, -0.07273]]]}, "properties": {"n": "Broxbourne", "r": -35, "q": 66, "region": "E12000006", "colour": "#FF6700", "id": "E14001139"}, "id": "E14001139"}, {"type": "Feature", "geometry": {"type": "Polygon", "coordinates": [[[0.05674, -0.05714], [0.05674, -0.05844], [0.05562, -0.05909], [0.0545, -0.05844], [0.0545, -0.05714], [0.05562, -0.05649], [0.05674, -0.05714], [0.05674, -0.05714]]]}, "properties": {"n": "Broxtowe", "r": -27, "q": 59, "region": "E12000004", "colour": "#00B6FF", "id": "E14001140"}, "id": "E14001140"}, {"type": "Feature", "geometry": {"type": "Polygon", "coordinates": [[[0.05787, -0.07078], [0.05787, -0.07208], [0.05674, -0.07273], [0.05562, -0.07208], [0.05562, -0.07078], [0.05674, -0.07013], [0.05787, -0.07078], [0.05787, -0.07078]]]}, "properties": {"n": "Buckingham and Bletchley", "r": -34, "q": 60, "region": "E12000008", "colour": "#67E767", "id": "E14001141"}, "id": "E14001141"}, {"type": "Feature", "geometry": {"type": "Polygon", "coordinates": [[[0.04775, -0.04156], [0.04775, -0.04286], [0.04663, -0.04351], [0.0455, -0.04286], [0.0455, -0.04156], [0.04663, -0.04091], [0.04775, -0.04156], [0.04775, -0.04156]]]}, "properties": {"n": "Burnley", "r": -19, "q": 55, "region": "E12000002", "colour": "#1DD3A7", "id": "E14001142"}, "id": "E14001142"}, {"type": "Feature", "geometry": {"type": "Polygon", "coordinates": [[[0.04888, -0.05909], [0.04888, -0.06039], [0.04775, -0.06104], [0.04663, -0.06039], [0.04663, -0.05909], [0.04775, -0.05844], [0.04888, -0.05909], [0.04888, -0.05909]]]}, "properties": {"n": "Burton and Uttoxeter", "r": -28, "q": 56, "region": "E12000005", "colour": "#E6007C", "id": "E14001143"}, "id": "E14001143"}, {"type": "Feature", "geometry": {"type": "Polygon", "coordinates": [[[0.04326, -0.04545], [0.04326, -0.04675], [0.04213, -0.0474], [0.04101, -0.04675], [0.04101, -0.04545], [0.04213, -0.0448], [0.04326, -0.04545], [0.04326, -0.04545]]]}, "properties": {"n": "Bury North", "r": -21, "q": 53, "region": "E12000002", "colour": "#1DD3A7", "id": "E14001144"}, "id": "E14001144"}, {"type": "Feature", "geometry": {"type": "Polygon", "coordinates": [[[0.04213, -0.0474], [0.04213, -0.0487], [0.04101, -0.04935], [0.03988, -0.0487], [0.03988, -0.0474], [0.04101, -0.04675], [0.04213, -0.0474], [0.04213, -0.0474]]]}, "properties": {"n": "Bury South", "r": -22, "q": 53, "region": "E12000002", "colour": "#1DD3A7", "id": "E14001145"}, "id": "E14001145"}, {"type": "Feature", "geometry": {"type": "Polygon", "coordinates": [[[0.07697, -0.06494], [0.07697, -0.06624], [0.07585, -0.06689], [0.07473, -0.06624], [0.07473, -0.06494], [0.07585, -0.06429], [0.07697, -0.06494], [0.07697, -0.06494]]]}, "properties": {"n": "Bury St Edmunds and Stowmarket", "r": -31, "q": 68, "region": "E12000006", "colour": "#FF6700", "id": "E14001146"}, "id": "E14001146"}, {"type": "Feature", "geometry": {"type": "Polygon", "coordinates": [[[0.04888, -0.04351], [0.04888, -0.0448], [0.04775, -0.04545], [0.04663, -0.0448], [0.04663, -0.04351], [0.04775, -0.04286], [0.04888, -0.04351], [0.04888, -0.04351]]]}, "properties": {"n": "Calder Valley", "r": -20, "q": 56, "region": "E12000003", "colour": "#F9BC26", "id": "E14001147"}, "id": "E14001147"}, {"type": "Feature", "geometry": {"type": "Polygon", "coordinates": [[[0.02078, -0.09221], [0.02078, -0.09351], [0.01965, -0.09416], [0.01853, -0.09351], [0.01853, -0.09221], [0.01965, -0.09157], [0.02078, -0.09221], [0.02078, -0.09221]]]}, "properties": {"n": "Camborne and Redruth", "r": -45, "q": 43, "region": "E12000009", "colour": "#178CFF", "id": "E14001148"}, "id": "E14001148"}, {"type": "Feature", "geometry": {"type": "Polygon", "coordinates": [[[0.06911, -0.06299], [0.06911, -0.06429], [0.06798, -0.06494], [0.06686, -0.06429], [0.06686, -0.06299], [0.06798, -0.06234], [0.06911, -0.06299], [0.06911, -0.06299]]]}, "properties": {"n": "Cambridge", "r": -30, "q": 65, "region": "E12000006", "colour": "#FF6700", "id": "E14001149"}, "id": "E14001149"}, {"type": "Feature", "geometry": {"type": "Polygon", "coordinates": [[[0.0455, -0.06104], [0.0455, -0.06234], [0.04438, -0.06299], [0.04326, -0.06234], [0.04326, -0.06104], [0.04438, -0.06039], [0.0455, -0.06104], [0.0455, -0.06104]]]}, "properties": {"n": "Cannock Chase", "r": -29, "q": 54, "region": "E12000005", "colour": "#E6007C", "id": "E14001150"}, "id": "E14001150"}, {"type": "Feature", "geometry": {"type": "Polygon", "coordinates": [[[0.08372, -0.08442], [0.08372, -0.08572], [0.08259, -0.08637], [0.08147, -0.08572], [0.08147, -0.08442], [0.08259, -0.08377], [0.08372, -0.08442], [0.08372, -0.08442]]]}, "properties": {"n": "Canterbury", "r": -41, "q": 71, "region": "E12000008", "colour": "#67E767", "id": "E14001151"}, "id": "E14001151"}, {"type": "Feature", "geometry": {"type": "Polygon", "coordinates": [[[0.04213, -0.03182], [0.04213, -0.03311], [0.04101, -0.03376], [0.03988, -0.03311], [0.03988, -0.03182], [0.04101, -0.03117], [0.04213, -0.03182], [0.04213, -0.03182]]]}, "properties": {"n": "Carlisle", "r": -14, "q": 53, "region": "E12000002", "colour": "#1DD3A7", "id": "E14001152"}, "id": "E14001152"}, {"type": "Feature", "geometry": {"type": "Polygon", "coordinates": [[[0.06349, -0.08832], [0.06349, -0.08962], [0.06236, -0.09027], [0.06124, -0.08962], [0.06124, -0.08832], [0.06236, -0.08767], [0.06349, -0.08832], [0.06349, -0.08832]]]}, "properties": {"n": "Carshalton and Wallington", "r": -43, "q": 62, "region": "E12000007", "colour": "#D73058", "id": "E14001153"}, "id": "E14001153"}, {"type": "Feature", "geometry": {"type": "Polygon", "coordinates": [[[0.0781, -0.07468], [0.0781, -0.07598], [0.07697, -0.07663], [0.07585, -0.07598], [0.07585, -0.07468], [0.07697, -0.07403], [0.0781, -0.07468], [0.0781, -0.07468]]]}, "properties": {"n": "Castle Point", "r": -36, "q": 69, "region": "E12000006", "colour": "#FF6700", "id": "E14001154"}, "id": "E14001154"}, {"type": "Feature", "geometry": {"type": "Polygon", "coordinates": [[[0.02865, -0.08637], [0.02865, -0.08767], [0.02752, -0.08832], [0.0264, -0.08767], [0.0264, -0.08637], [0.02752, -0.08572], [0.02865, -0.08637], [0.02865, -0.08637]]]}, "properties": {"n": "Central Devon", "r": -42, "q": 47, "region": "E12000009", "colour": "#178CFF", "id": "E14001155"}, "id": "E14001155"}, {"type": "Feature", "geometry": {"type": "Polygon", "coordinates": [[[0.07697, -0.06104], [0.07697, -0.06234], [0.07585, -0.06299], [0.07473, -0.06234], [0.07473, -0.06104], [0.07585, -0.06039], [0.07697, -0.06104], [0.07697, -0.06104]]]}, "properties": {"n": "Central Suffolk and North Ipswich", "r": -29, "q": 68, "region": "E12000006", "colour": "#FF6700", "id": "E14001156"}, "id": "E14001156"}, {"type": "Feature", "geometry": {"type": "Polygon", "coordinates": [[[0.0781, -0.08247], [0.0781, -0.08377], [0.07697, -0.08442], [0.07585, -0.08377], [0.07585, -0.08247], [0.07697, -0.08182], [0.0781, -0.08247], [0.0781, -0.08247]]]}, "properties": {"n": "Chatham and Aylesford", "r": -40, "q": 69, "region": "E12000008", "colour": "#67E767", "id": "E14001157"}, "id": "E14001157"}, {"type": "Feature", "geometry": {"type": "Polygon", "coordinates": [[[0.04663, -0.0552], [0.04663, -0.05649], [0.0455, -0.05714], [0.04438, -0.05649], [0.04438, -0.0552], [0.0455, -0.05455], [0.04663, -0.0552], [0.04663, -0.0552]]]}, "properties": {"n": "Cheadle", "r": -26, "q": 55, "region": "E12000002", "colour": "#1DD3A7", "id": "E14001158"}, "id": "E14001158"}, {"type": "Feature", "geometry": {"type": "Polygon", "coordinates": [[[0.07473, -0.06883], [0.07473, -0.07013], [0.0736, -0.07078], [0.07248, -0.07013], [0.07248, -0.06883], [0.0736, -0.06818], [0.07473, -0.06883], [0.07473, -0.06883]]]}, "properties": {"n": "Chelmsford", "r": -33, "q": 67, "region": "E12000006", "colour": "#FF6700", "id": "E14001159"}, "id": "E14001159"}, {"type": "Feature", "geometry": {"type": "Polygon", "coordinates": [[[0.06012, -0.08247], [0.06012, -0.08377], [0.05899, -0.08442], [0.05787, -0.08377], [0.05787, -0.08247], [0.05899, -0.08182], [0.06012, -0.08247], [0.06012, -0.08247]]]}, "properties": {"n": "Chelsea and Fulham", "r": -40, "q": 61, "region": "E12000007", "colour": "#D73058", "id": "E14001160"}, "id": "E14001160"}, {"type": "Feature", "geometry": {"type": "Polygon", "coordinates": [[[0.03988, -0.07468], [0.03988, -0.07598], [0.03876, -0.07663], [0.03764, -0.07598], [0.03764, -0.07468], [0.03876, -0.07403], [0.03988, -0.07468], [0.03988, -0.07468]]]}, "properties": {"n": "Cheltenham", "r": -36, "q": 52, "region": "E12000009", "colour": "#178CFF", "id": "E14001161"}, "id": "E14001161"}, {"type": "Feature", "geometry": {"type": "Polygon", "coordinates": [[[0.05562, -0.07468], [0.05562, -0.07598], [0.0545, -0.07663], [0.05337, -0.07598], [0.05337, -0.07468], [0.0545, -0.07403], [0.05562, -0.07468], [0.05562, -0.07468]]]}, "properties": {"n": "Chesham and Amersham", "r": -36, "q": 59, "region": "E12000008", "colour": "#67E767", "id": "E14001162"}, "id": "E14001162"}, {"type": "Feature", "geometry": {"type": "Polygon", "coordinates": [[[0.03539, -0.05909], [0.03539, -0.06039], [0.03426, -0.06104], [0.03314, -0.06039], [0.03314, -0.05909], [0.03426, -0.05844], [0.03539, -0.05909], [0.03539, -0.05909]]]}, "properties": {"n": "Chester North and Neston", "r": -28, "q": 50, "region": "E12000002", "colour": "#1DD3A7", "id": "E14001163"}, "id": "E14001163"}, {"type": "Feature", "geometry": {"type": "Polygon", "coordinates": [[[0.03876, -0.05714], [0.03876, -0.05844], [0.03764, -0.05909], [0.03651, -0.05844], [0.03651, -0.05714], [0.03764, -0.05649], [0.03876, -0.05714], [0.03876, -0.05714]]]}, "properties": {"n": "Chester South and Eddisbury", "r": -27, "q": 51, "region": "E12000002", "colour": "#1DD3A7", "id": "E14001164"}, "id": "E14001164"}, {"type": "Feature", "geometry": {"type": "Polygon", "coordinates": [[[0.05562, -0.0552], [0.05562, -0.05649], [0.0545, -0.05714], [0.05337, -0.05649], [0.05337, -0.0552], [0.0545, -0.05455], [0.05562, -0.0552], [0.05562, -0.0552]]]}, "properties": {"n": "Chesterfield", "r": -26, "q": 59, "region": "E12000004", "colour": "#00B6FF", "id": "E14001165"}, "id": "E14001165"}, {"type": "Feature", "geometry": {"type": "Polygon", "coordinates": [[[0.05787, -0.09027], [0.05787, -0.09157], [0.05674, -0.09221], [0.05562, -0.09157], [0.05562, -0.09027], [0.05674, -0.08962], [0.05787, -0.09027], [0.05787, -0.09027]]]}, "properties": {"n": "Chichester", "r": -44, "q": 60, "region": "E12000008", "colour": "#67E767", "id": "E14001166"}, "id": "E14001166"}, {"type": "Feature", "geometry": {"type": "Polygon", "coordinates": [[[0.06798, -0.07273], [0.06798, -0.07403], [0.06686, -0.07468], [0.06574, -0.07403], [0.06574, -0.07273], [0.06686, -0.07208], [0.06798, -0.07273], [0.06798, -0.07273]]]}, "properties": {"n": "Chingford and Woodford Green", "r": -35, "q": 64, "region": "E12000007", "colour": "#D73058", "id": "E14001167"}, "id": "E14001167"}, {"type": "Feature", "geometry": {"type": "Polygon", "coordinates": [[[0.04101, -0.08052], [0.04101, -0.08182], [0.03988, -0.08247], [0.03876, -0.08182], [0.03876, -0.08052], [0.03988, -0.07987], [0.04101, -0.08052], [0.04101, -0.08052]]]}, "properties": {"n": "Chippenham", "r": -39, "q": 52, "region": "E12000009", "colour": "#178CFF", "id": "E14001168"}, "id": "E14001168"}, {"type": "Feature", "geometry": {"type": "Polygon", "coordinates": [[[0.06236, -0.07468], [0.06236, -0.07598], [0.06124, -0.07663], [0.06012, -0.07598], [0.06012, -0.07468], [0.06124, -0.07403], [0.06236, -0.07468], [0.06236, -0.07468]]]}, "properties": {"n": "Chipping Barnet", "r": -36, "q": 62, "region": "E12000007", "colour": "#D73058", "id": "E14001169"}, "id": "E14001169"}, {"type": "Feature", "geometry": {"type": "Polygon", "coordinates": [[[0.04213, -0.04351], [0.04213, -0.0448], [0.04101, -0.04545], [0.03988, -0.0448], [0.03988, -0.04351], [0.04101, -0.04286], [0.04213, -0.04351], [0.04213, -0.04351]]]}, "properties": {"n": "Chorley", "r": -20, "q": 53, "region": "E12000002", "colour": "#1DD3A7", "id": "E14001170"}, "id": "E14001170"}, {"type": "Feature", "geometry": {"type": "Polygon", "coordinates": [[[0.04213, -0.08637], [0.04213, -0.08767], [0.04101, -0.08832], [0.03988, -0.08767], [0.03988, -0.08637], [0.04101, -0.08572], [0.04213, -0.08637], [0.04213, -0.08637]]]}, "properties": {"n": "Christchurch", "r": -42, "q": 53, "region": "E12000009", "colour": "#178CFF", "id": "E14001171"}, "id": "E14001171"}, {"type": "Feature", "geometry": {"type": "Polygon", "coordinates": [[[0.06461, -0.08247], [0.06461, -0.08377], [0.06349, -0.08442], [0.06236, -0.08377], [0.06236, -0.08247], [0.06349, -0.08182], [0.06461, -0.08247], [0.06461, -0.08247]]]}, "properties": {"n": "Cities of London and Westminster", "r": -40, "q": 63, "region": "E12000007", "colour": "#D73058", "id": "E14001172"}, "id": "E14001172"}, {"type": "Feature", "geometry": {"type": "Polygon", "coordinates": [[[0.04663, -0.03571], [0.04663, -0.03701], [0.0455, -0.03766], [0.04438, -0.03701], [0.04438, -0.03571], [0.0455, -0.03506], [0.04663, -0.03571], [0.04663, -0.03571]]]}, "properties": {"n": "City of Durham", "r": -16, "q": 55, "region": "E12000001", "colour": "#D60303", "id": "E14001173"}, "id": "E14001173"}, {"type": "Feature", "geometry": {"type": "Polygon", "coordinates": [[[0.0781, -0.06689], [0.0781, -0.06818], [0.07697, -0.06883], [0.07585, -0.06818], [0.07585, -0.06689], [0.07697, -0.06624], [0.0781, -0.06689], [0.0781, -0.06689]]]}, "properties": {"n": "Clacton", "r": -32, "q": 69, "region": "E12000006", "colour": "#FF6700", "id": "E14001174"}, "id": "E14001174"}, {"type": "Feature", "geometry": {"type": "Polygon", "coordinates": [[[0.06236, -0.08637], [0.06236, -0.08767], [0.06124, -0.08832], [0.06012, -0.08767], [0.06012, -0.08637], [0.06124, -0.08572], [0.06236, -0.08637], [0.06236, -0.08637]]]}, "properties": {"n": "Clapham and Brixton Hill", "r": -42, "q": 62, "region": "E12000007", "colour": "#D73058", "id": "E14001175"}, "id": "E14001175"}, {"type": "Feature", "geometry": {"type": "Polygon", "coordinates": [[[0.07585, -0.06689], [0.07585, -0.06818], [0.07473, -0.06883], [0.0736, -0.06818], [0.0736, -0.06689], [0.07473, -0.06624], [0.07585, -0.06689], [0.07585, -0.06689]]]}, "properties": {"n": "Colchester", "r": -32, "q": 68, "region": "E12000006", "colour": "#FF6700", "id": "E14001176"}, "id": "E14001176"}, {"type": "Feature", "geometry": {"type": "Polygon", "coordinates": [[[0.04775, -0.04935], [0.04775, -0.05065], [0.04663, -0.0513], [0.0455, -0.05065], [0.0455, -0.04935], [0.04663, -0.0487], [0.04775, -0.04935], [0.04775, -0.04935]]]}, "properties": {"n": "Colne Valley", "r": -23, "q": 55, "region": "E12000003", "colour": "#F9BC26", "id": "E14001177"}, "id": "E14001177"}, {"type": "Feature", "geometry": {"type": "Polygon", "coordinates": [[[0.0455, -0.05714], [0.0455, -0.05844], [0.04438, -0.05909], [0.04326, -0.05844], [0.04326, -0.05714], [0.04438, -0.05649], [0.0455, -0.05714], [0.0455, -0.05714]]]}, "properties": {"n": "Congleton", "r": -27, "q": 54, "region": "E12000002", "colour": "#1DD3A7", "id": "E14001178"}, "id": "E14001178"}, {"type": "Feature", "geometry": {"type": "Polygon", "coordinates": [[[0.06236, -0.06299], [0.06236, -0.06429], [0.06124, -0.06494], [0.06012, -0.06429], [0.06012, -0.06299], [0.06124, -0.06234], [0.06236, -0.06299], [0.06236, -0.06299]]]}, "properties": {"n": "Corby and East Northamptonshire", "r": -30, "q": 62, "region": "E12000004", "colour": "#00B6FF", "id": "E14001179"}, "id": "E14001179"}, {"type": "Feature", "geometry": {"type": "Polygon", "coordinates": [[[0.05225, -0.06883], [0.05225, -0.07013], [0.05112, -0.07078], [0.05, -0.07013], [0.05, -0.06883], [0.05112, -0.06818], [0.05225, -0.06883], [0.05225, -0.06883]]]}, "properties": {"n": "Coventry East", "r": -33, "q": 57, "region": "E12000005", "colour": "#E6007C", "id": "E14001180"}, "id": "E14001180"}, {"type": "Feature", "geometry": {"type": "Polygon", "coordinates": [[[0.05, -0.06883], [0.05, -0.07013], [0.04888, -0.07078], [0.04775, -0.07013], [0.04775, -0.06883], [0.04888, -0.06818], [0.05, -0.06883], [0.05, -0.06883]]]}, "properties": {"n": "Coventry North West", "r": -33, "q": 56, "region": "E12000005", "colour": "#E6007C", "id": "E14001181"}, "id": "E14001181"}, {"type": "Feature", "geometry": {"type": "Polygon", "coordinates": [[[0.05112, -0.07078], [0.05112, -0.07208], [0.05, -0.07273], [0.04888, -0.07208], [0.04888, -0.07078], [0.05, -0.07013], [0.05112, -0.07078], [0.05112, -0.07078]]]}, "properties": {"n": "Coventry South", "r": -34, "q": 57, "region": "E12000005", "colour": "#E6007C", "id": "E14001182"}, "id": "E14001182"}, {"type": "Feature", "geometry": {"type": "Polygon", "coordinates": [[[0.04888, -0.02792], [0.04888, -0.02922], [0.04775, -0.02987], [0.04663, -0.02922], [0.04663, -0.02792], [0.04775, -0.02727], [0.04888, -0.02792], [0.04888, -0.02792]]]}, "properties": {"n": "Cramlington and Killingworth", "r": -12, "q": 56, "region": "E12000001", "colour": "#D60303", "id": "E14001183"}, "id": "E14001183"}, {"type": "Feature", "geometry": {"type": "Polygon", "coordinates": [[[0.0781, -0.09027], [0.0781, -0.09157], [0.07697, -0.09221], [0.07585, -0.09157], [0.07585, -0.09027], [0.07697, -0.08962], [0.0781, -0.09027], [0.0781, -0.09027]]]}, "properties": {"n": "Crawley", "r": -44, "q": 69, "region": "E12000008", "colour": "#67E767", "id": "E14001184"}, "id": "E14001184"}, {"type": "Feature", "geometry": {"type": "Polygon", "coordinates": [[[0.04326, -0.05714], [0.04326, -0.05844], [0.04213, -0.05909], [0.04101, -0.05844], [0.04101, -0.05714], [0.04213, -0.05649], [0.04326, -0.05714], [0.04326, -0.05714]]]}, "properties": {"n": "Crewe and Nantwich", "r": -27, "q": 53, "region": "E12000002", "colour": "#1DD3A7", "id": "E14001185"}, "id": "E14001185"}, {"type": "Feature", "geometry": {"type": "Polygon", "coordinates": [[[0.06911, -0.08637], [0.06911, -0.08767], [0.06798, -0.08832], [0.06686, -0.08767], [0.06686, -0.08637], [0.06798, -0.08572], [0.06911, -0.08637], [0.06911, -0.08637]]]}, "properties": {"n": "Croydon East", "r": -42, "q": 65, "region": "E12000007", "colour": "#D73058", "id": "E14001186"}, "id": "E14001186"}, {"type": "Feature", "geometry": {"type": "Polygon", "coordinates": [[[0.06798, -0.08832], [0.06798, -0.08962], [0.06686, -0.09027], [0.06574, -0.08962], [0.06574, -0.08832], [0.06686, -0.08767], [0.06798, -0.08832], [0.06798, -0.08832]]]}, "properties": {"n": "Croydon South", "r": -43, "q": 64, "region": "E12000007", "colour": "#D73058", "id": "E14001187"}, "id": "E14001187"}, {"type": "Feature", "geometry": {"type": "Polygon", "coordinates": [[[0.06574, -0.08832], [0.06574, -0.08962], [0.06461, -0.09027], [0.06349, -0.08962], [0.06349, -0.08832], [0.06461, -0.08767], [0.06574, -0.08832], [0.06574, -0.08832]]]}, "properties": {"n": "Croydon West", "r": -43, "q": 63, "region": "E12000007", "colour": "#D73058", "id": "E14001188"}, "id": "E14001188"}, {"type": "Feature", "geometry": {"type": "Polygon", "coordinates": [[[0.07473, -0.07663], [0.07473, -0.07793], [0.0736, -0.07858], [0.07248, -0.07793], [0.07248, -0.07663], [0.0736, -0.07598], [0.07473, -0.07663], [0.07473, -0.07663]]]}, "properties": {"n": "Dagenham and Rainham", "r": -37, "q": 67, "region": "E12000007", "colour": "#D73058", "id": "E14001189"}, "id": "E14001189"}, {"type": "Feature", "geometry": {"type": "Polygon", "coordinates": [[[0.04775, -0.03766], [0.04775, -0.03896], [0.04663, -0.03961], [0.0455, -0.03896], [0.0455, -0.03766], [0.04663, -0.03701], [0.04775, -0.03766], [0.04775, -0.03766]]]}, "properties": {"n": "Darlington", "r": -17, "q": 55, "region": "E12000001", "colour": "#D60303", "id": "E14001190"}, "id": "E14001190"}, {"type": "Feature", "geometry": {"type": "Polygon", "coordinates": [[[0.07585, -0.08247], [0.07585, -0.08377], [0.07473, -0.08442], [0.0736, -0.08377], [0.0736, -0.08247], [0.07473, -0.08182], [0.07585, -0.08247], [0.07585, -0.08247]]]}, "properties": {"n": "Dartford", "r": -40, "q": 68, "region": "E12000008", "colour": "#67E767", "id": "E14001191"}, "id": "E14001191"}, {"type": "Feature", "geometry": {"type": "Polygon", "coordinates": [[[0.05787, -0.06689], [0.05787, -0.06818], [0.05674, -0.06883], [0.05562, -0.06818], [0.05562, -0.06689], [0.05674, -0.06624], [0.05787, -0.06689], [0.05787, -0.06689]]]}, "properties": {"n": "Daventry", "r": -32, "q": 60, "region": "E12000004", "colour": "#00B6FF", "id": "E14001192"}, "id": "E14001192"}, {"type": "Feature", "geometry": {"type": "Polygon", "coordinates": [[[0.05337, -0.05909], [0.05337, -0.06039], [0.05225, -0.06104], [0.05112, -0.06039], [0.05112, -0.05909], [0.05225, -0.05844], [0.05337, -0.05909], [0.05337, -0.05909]]]}, "properties": {"n": "Derby North", "r": -28, "q": 58, "region": "E12000004", "colour": "#00B6FF", "id": "E14001193"}, "id": "E14001193"}, {"type": "Feature", "geometry": {"type": "Polygon", "coordinates": [[[0.05112, -0.05909], [0.05112, -0.06039], [0.05, -0.06104], [0.04888, -0.06039], [0.04888, -0.05909], [0.05, -0.05844], [0.05112, -0.05909], [0.05112, -0.05909]]]}, "properties": {"n": "Derby South", "r": -28, "q": 57, "region": "E12000004", "colour": "#00B6FF", "id": "E14001194"}, "id": "E14001194"}, {"type": "Feature", "geometry": {"type": "Polygon", "coordinates": [[[0.05112, -0.0552], [0.05112, -0.05649], [0.05, -0.05714], [0.04888, -0.05649], [0.04888, -0.0552], [0.05, -0.05455], [0.05112, -0.0552], [0.05112, -0.0552]]]}, "properties": {"n": "Derbyshire Dales", "r": -26, "q": 57, "region": "E12000004", "colour": "#00B6FF", "id": "E14001195"}, "id": "E14001195"}, {"type": "Feature", "geometry": {"type": "Polygon", "coordinates": [[[0.05112, -0.0474], [0.05112, -0.0487], [0.05, -0.04935], [0.04888, -0.0487], [0.04888, -0.0474], [0.05, -0.04675], [0.05112, -0.0474], [0.05112, -0.0474]]]}, "properties": {"n": "Dewsbury and Batley", "r": -22, "q": 57, "region": "E12000003", "colour": "#F9BC26", "id": "E14001196"}, "id": "E14001196"}, {"type": "Feature", "geometry": {"type": "Polygon", "coordinates": [[[0.04438, -0.07858], [0.04438, -0.07987], [0.04326, -0.08052], [0.04213, -0.07987], [0.04213, -0.07858], [0.04326, -0.07793], [0.04438, -0.07858], [0.04438, -0.07858]]]}, "properties": {"n": "Didcot and Wantage", "r": -38, "q": 54, "region": "E12000008", "colour": "#67E767", "id": "E14001197"}, "id": "E14001197"}, {"type": "Feature", "geometry": {"type": "Polygon", "coordinates": [[[0.05899, -0.04935], [0.05899, -0.05065], [0.05787, -0.0513], [0.05674, -0.05065], [0.05674, -0.04935], [0.05787, -0.0487], [0.05899, -0.04935], [0.05899, -0.04935]]]}, "properties": {"n": "Doncaster Central", "r": -23, "q": 60, "region": "E12000003", "colour": "#F9BC26", "id": "E14001198"}, "id": "E14001198"}, {"type": "Feature", "geometry": {"type": "Polygon", "coordinates": [[[0.06124, -0.04935], [0.06124, -0.05065], [0.06012, -0.0513], [0.05899, -0.05065], [0.05899, -0.04935], [0.06012, -0.0487], [0.06124, -0.04935], [0.06124, -0.04935]]]}, "properties": {"n": "Doncaster East and the Isle of Axholme", "r": -23, "q": 61, "region": "E12000003", "colour": "#F9BC26", "id": "E14001199"}, "id": "E14001199"}, {"type": "Feature", "geometry": {"type": "Polygon", "coordinates": [[[0.06012, -0.0474], [0.06012, -0.0487], [0.05899, -0.04935], [0.05787, -0.0487], [0.05787, -0.0474], [0.05899, -0.04675], [0.06012, -0.0474], [0.06012, -0.0474]]]}, "properties": {"n": "Doncaster North", "r": -22, "q": 61, "region": "E12000003", "colour": "#F9BC26", "id": "E14001200"}, "id": "E14001200"}, {"type": "Feature", "geometry": {"type": "Polygon", "coordinates": [[[0.05674, -0.08832], [0.05674, -0.08962], [0.05562, -0.09027], [0.0545, -0.08962], [0.0545, -0.08832], [0.05562, -0.08767], [0.05674, -0.08832], [0.05674, -0.08832]]]}, "properties": {"n": "Dorking and Horley", "r": -43, "q": 59, "region": "E12000008", "colour": "#67E767", "id": "E14001201"}, "id": "E14001201"}, {"type": "Feature", "geometry": {"type": "Polygon", "coordinates": [[[0.08597, -0.08442], [0.08597, -0.08572], [0.08484, -0.08637], [0.08372, -0.08572], [0.08372, -0.08442], [0.08484, -0.08377], [0.08597, -0.08442], [0.08597, -0.08442]]]}, "properties": {"n": "Dover and Deal", "r": -41, "q": 72, "region": "E12000008", "colour": "#67E767", "id": "E14001202"}, "id": "E14001202"}, {"type": "Feature", "geometry": {"type": "Polygon", "coordinates": [[[0.04438, -0.07468], [0.04438, -0.07598], [0.04326, -0.07663], [0.04213, -0.07598], [0.04213, -0.07468], [0.04326, -0.07403], [0.04438, -0.07468], [0.04438, -0.07468]]]}, "properties": {"n": "Droitwich and Evesham", "r": -36, "q": 54, "region": "E12000005", "colour": "#E6007C", "id": "E14001203"}, "id": "E14001203"}, {"type": "Feature", "geometry": {"type": "Polygon", "coordinates": [[[0.03876, -0.06494], [0.03876, -0.06624], [0.03764, -0.06689], [0.03651, -0.06624], [0.03651, -0.06494], [0.03764, -0.06429], [0.03876, -0.06494], [0.03876, -0.06494]]]}, "properties": {"n": "Dudley", "r": -31, "q": 51, "region": "E12000005", "colour": "#E6007C", "id": "E14001204"}, "id": "E14001204"}, {"type": "Feature", "geometry": {"type": "Polygon", "coordinates": [[[0.06461, -0.08637], [0.06461, -0.08767], [0.06349, -0.08832], [0.06236, -0.08767], [0.06236, -0.08637], [0.06349, -0.08572], [0.06461, -0.08637], [0.06461, -0.08637]]]}, "properties": {"n": "Dulwich and West Norwood", "r": -42, "q": 63, "region": "E12000007", "colour": "#D73058", "id": "E14001205"}, "id": "E14001205"}, {"type": "Feature", "geometry": {"type": "Polygon", "coordinates": [[[0.06349, -0.06883], [0.06349, -0.07013], [0.06236, -0.07078], [0.06124, -0.07013], [0.06124, -0.06883], [0.06236, -0.06818], [0.06349, -0.06883], [0.06349, -0.06883]]]}, "properties": {"n": "Dunstable and Leighton Buzzard", "r": -33, "q": 62, "region": "E12000006", "colour": "#FF6700", "id": "E14001206"}, "id": "E14001206"}, {"type": "Feature", "geometry": {"type": "Polygon", "coordinates": [[[0.05674, -0.08052], [0.05674, -0.08182], [0.05562, -0.08247], [0.0545, -0.08182], [0.0545, -0.08052], [0.05562, -0.07987], [0.05674, -0.08052], [0.05674, -0.08052]]]}, "properties": {"n": "Ealing Central and Acton", "r": -39, "q": 59, "region": "E12000007", "colour": "#D73058", "id": "E14001207"}, "id": "E14001207"}, {"type": "Feature", "geometry": {"type": "Polygon", "coordinates": [[[0.05562, -0.07858], [0.05562, -0.07987], [0.0545, -0.08052], [0.05337, -0.07987], [0.05337, -0.07858], [0.0545, -0.07793], [0.05562, -0.07858], [0.05562, -0.07858]]]}, "properties": {"n": "Ealing North", "r": -38, "q": 59, "region": "E12000007", "colour": "#D73058", "id": "E14001208"}, "id": "E14001208"}, {"type": "Feature", "geometry": {"type": "Polygon", "coordinates": [[[0.0545, -0.08052], [0.0545, -0.08182], [0.05337, -0.08247], [0.05225, -0.08182], [0.05225, -0.08052], [0.05337, -0.07987], [0.0545, -0.08052], [0.0545, -0.08052]]]}, "properties": {"n": "Ealing Southall", "r": -39, "q": 58, "region": "E12000007", "colour": "#D73058", "id": "E14001209"}, "id": "E14001209"}, {"type": "Feature", "geometry": {"type": "Polygon", "coordinates": [[[0.04888, -0.07468], [0.04888, -0.07598], [0.04775, -0.07663], [0.04663, -0.07598], [0.04663, -0.07468], [0.04775, -0.07403], [0.04888, -0.07468], [0.04888, -0.07468]]]}, "properties": {"n": "Earley and Woodley", "r": -36, "q": 56, "region": "E12000008", "colour": "#67E767", "id": "E14001210"}, "id": "E14001210"}, {"type": "Feature", "geometry": {"type": "Polygon", "coordinates": [[[0.05112, -0.03571], [0.05112, -0.03701], [0.05, -0.03766], [0.04888, -0.03701], [0.04888, -0.03571], [0.05, -0.03506], [0.05112, -0.03571], [0.05112, -0.03571]]]}, "properties": {"n": "Easington", "r": -16, "q": 57, "region": "E12000001", "colour": "#D60303", "id": "E14001211"}, "id": "E14001211"}, {"type": "Feature", "geometry": {"type": "Polygon", "coordinates": [[[0.07922, -0.08832], [0.07922, -0.08962], [0.0781, -0.09027], [0.07697, -0.08962], [0.07697, -0.08832], [0.0781, -0.08767], [0.07922, -0.08832], [0.07922, -0.08832]]]}, "properties": {"n": "East Grinstead and Uckfield", "r": -43, "q": 69, "region": "E12000008", "colour": "#67E767", "id": "E14001212"}, "id": "E14001212"}, {"type": "Feature", "geometry": {"type": "Polygon", "coordinates": [[[0.0736, -0.07858], [0.0736, -0.07987], [0.07248, -0.08052], [0.07135, -0.07987], [0.07135, -0.07858], [0.07248, -0.07793], [0.0736, -0.07858], [0.0736, -0.07858]]]}, "properties": {"n": "East Ham", "r": -38, "q": 67, "region": "E12000007", "colour": "#D73058", "id": "E14001213"}, "id": "E14001213"}, {"type": "Feature", "geometry": {"type": "Polygon", "coordinates": [[[0.04775, -0.08442], [0.04775, -0.08572], [0.04663, -0.08637], [0.0455, -0.08572], [0.0455, -0.08442], [0.04663, -0.08377], [0.04775, -0.08442], [0.04775, -0.08442]]]}, "properties": {"n": "East Hampshire", "r": -41, "q": 55, "region": "E12000008", "colour": "#67E767", "id": "E14001214"}, "id": "E14001214"}, {"type": "Feature", "geometry": {"type": "Polygon", "coordinates": [[[0.07473, -0.08832], [0.07473, -0.08962], [0.0736, -0.09027], [0.07248, -0.08962], [0.07248, -0.08832], [0.0736, -0.08767], [0.07473, -0.08832], [0.07473, -0.08832]]]}, "properties": {"n": "East Surrey", "r": -43, "q": 67, "region": "E12000008", "colour": "#67E767", "id": "E14001215"}, "id": "E14001215"}, {"type": "Feature", "geometry": {"type": "Polygon", "coordinates": [[[0.08372, -0.08052], [0.08372, -0.08182], [0.08259, -0.08247], [0.08147, -0.08182], [0.08147, -0.08052], [0.08259, -0.07987], [0.08372, -0.08052], [0.08372, -0.08052]]]}, "properties": {"n": "East Thanet", "r": -39, "q": 71, "region": "E12000008", "colour": "#67E767", "id": "E14001216"}, "id": "E14001216"}, {"type": "Feature", "geometry": {"type": "Polygon", "coordinates": [[[0.04326, -0.08442], [0.04326, -0.08572], [0.04213, -0.08637], [0.04101, -0.08572], [0.04101, -0.08442], [0.04213, -0.08377], [0.04326, -0.08442], [0.04326, -0.08442]]]}, "properties": {"n": "East Wiltshire", "r": -41, "q": 53, "region": "E12000009", "colour": "#178CFF", "id": "E14001217"}, "id": "E14001217"}, {"type": "Feature", "geometry": {"type": "Polygon", "coordinates": [[[0.06911, -0.09027], [0.06911, -0.09157], [0.06798, -0.09221], [0.06686, -0.09157], [0.06686, -0.09027], [0.06798, -0.08962], [0.06911, -0.09027], [0.06911, -0.09027]]]}, "properties": {"n": "East Worthing and Shoreham", "r": -44, "q": 65, "region": "E12000008", "colour": "#67E767", "id": "E14001218"}, "id": "E14001218"}, {"type": "Feature", "geometry": {"type": "Polygon", "coordinates": [[[0.07922, -0.09221], [0.07922, -0.09351], [0.0781, -0.09416], [0.07697, -0.09351], [0.07697, -0.09221], [0.0781, -0.09157], [0.07922, -0.09221], [0.07922, -0.09221]]]}, "properties": {"n": "Eastbourne", "r": -45, "q": 69, "region": "E12000008", "colour": "#67E767", "id": "E14001219"}, "id": "E14001219"}, {"type": "Feature", "geometry": {"type": "Polygon", "coordinates": [[[0.0455, -0.08442], [0.0455, -0.08572], [0.04438, -0.08637], [0.04326, -0.08572], [0.04326, -0.08442], [0.04438, -0.08377], [0.0455, -0.08442], [0.0455, -0.08442]]]}, "properties": {"n": "Eastleigh", "r": -41, "q": 54, "region": "E12000008", "colour": "#67E767", "id": "E14001220"}, "id": "E14001220"}, {"type": "Feature", "geometry": {"type": "Polygon", "coordinates": [[[0.06686, -0.07468], [0.06686, -0.07598], [0.06574, -0.07663], [0.06461, -0.07598], [0.06461, -0.07468], [0.06574, -0.07403], [0.06686, -0.07468], [0.06686, -0.07468]]]}, "properties": {"n": "Edmonton and Winchmore Hill", "r": -36, "q": 64, "region": "E12000007", "colour": "#D73058", "id": "E14001221"}, "id": "E14001221"}, {"type": "Feature", "geometry": {"type": "Polygon", "coordinates": [[[0.03651, -0.05714], [0.03651, -0.05844], [0.03539, -0.05909], [0.03426, -0.05844], [0.03426, -0.05714], [0.03539, -0.05649], [0.03651, -0.05714], [0.03651, -0.05714]]]}, "properties": {"n": "Ellesmere Port and Bromborough", "r": -27, "q": 50, "region": "E12000002", "colour": "#1DD3A7", "id": "E14001222"}, "id": "E14001222"}, {"type": "Feature", "geometry": {"type": "Polygon", "coordinates": [[[0.07248, -0.08442], [0.07248, -0.08572], [0.07135, -0.08637], [0.07023, -0.08572], [0.07023, -0.08442], [0.07135, -0.08377], [0.07248, -0.08442], [0.07248, -0.08442]]]}, "properties": {"n": "Eltham and Chislehurst", "r": -41, "q": 66, "region": "E12000007", "colour": "#D73058", "id": "E14001223"}, "id": "E14001223"}, {"type": "Feature", "geometry": {"type": "Polygon", "coordinates": [[[0.07135, -0.06299], [0.07135, -0.06429], [0.07023, -0.06494], [0.06911, -0.06429], [0.06911, -0.06299], [0.07023, -0.06234], [0.07135, -0.06299], [0.07135, -0.06299]]]}, "properties": {"n": "Ely and East Cambridgeshire", "r": -30, "q": 66, "region": "E12000006", "colour": "#FF6700", "id": "E14001224"}, "id": "E14001224"}, {"type": "Feature", "geometry": {"type": "Polygon", "coordinates": [[[0.06349, -0.07273], [0.06349, -0.07403], [0.06236, -0.07468], [0.06124, -0.07403], [0.06124, -0.07273], [0.06236, -0.07208], [0.06349, -0.07273], [0.06349, -0.07273]]]}, "properties": {"n": "Enfield North", "r": -35, "q": 62, "region": "E12000007", "colour": "#D73058", "id": "E14001225"}, "id": "E14001225"}, {"type": "Feature", "geometry": {"type": "Polygon", "coordinates": [[[0.07473, -0.07273], [0.07473, -0.07403], [0.0736, -0.07468], [0.07248, -0.07403], [0.07248, -0.07273], [0.0736, -0.07208], [0.07473, -0.07273], [0.07473, -0.07273]]]}, "properties": {"n": "Epping Forest", "r": -35, "q": 67, "region": "E12000006", "colour": "#FF6700", "id": "E14001226"}, "id": "E14001226"}, {"type": "Feature", "geometry": {"type": "Polygon", "coordinates": [[[0.05899, -0.08832], [0.05899, -0.08962], [0.05787, -0.09027], [0.05674, -0.08962], [0.05674, -0.08832], [0.05787, -0.08767], [0.05899, -0.08832], [0.05899, -0.08832]]]}, "properties": {"n": "Epsom and Ewell", "r": -43, "q": 60, "region": "E12000008", "colour": "#67E767", "id": "E14001227"}, "id": "E14001227"}, {"type": "Feature", "geometry": {"type": "Polygon", "coordinates": [[[0.05562, -0.05909], [0.05562, -0.06039], [0.0545, -0.06104], [0.05337, -0.06039], [0.05337, -0.05909], [0.0545, -0.05844], [0.05562, -0.05909], [0.05562, -0.05909]]]}, "properties": {"n": "Erewash", "r": -28, "q": 59, "region": "E12000004", "colour": "#00B6FF", "id": "E14001228"}, "id": "E14001228"}, {"type": "Feature", "geometry": {"type": "Polygon", "coordinates": [[[0.0736, -0.08247], [0.0736, -0.08377], [0.07248, -0.08442], [0.07135, -0.08377], [0.07135, -0.08247], [0.07248, -0.08182], [0.0736, -0.08247], [0.0736, -0.08247]]]}, "properties": {"n": "Erith and Thamesmead", "r": -40, "q": 67, "region": "E12000007", "colour": "#D73058", "id": "E14001229"}, "id": "E14001229"}, {"type": "Feature", "geometry": {"type": "Polygon", "coordinates": [[[0.05337, -0.08637], [0.05337, -0.08767], [0.05225, -0.08832], [0.05112, -0.08767], [0.05112, -0.08637], [0.05225, -0.08572], [0.05337, -0.08637], [0.05337, -0.08637]]]}, "properties": {"n": "Esher and Walton", "r": -42, "q": 58, "region": "E12000008", "colour": "#67E767", "id": "E14001230"}, "id": "E14001230"}, {"type": "Feature", "geometry": {"type": "Polygon", "coordinates": [[[0.03089, -0.08637], [0.03089, -0.08767], [0.02977, -0.08832], [0.02865, -0.08767], [0.02865, -0.08637], [0.02977, -0.08572], [0.03089, -0.08637], [0.03089, -0.08637]]]}, "properties": {"n": "Exeter", "r": -42, "q": 48, "region": "E12000009", "colour": "#178CFF", "id": "E14001231"}, "id": "E14001231"}, {"type": "Feature", "geometry": {"type": "Polygon", "coordinates": [[[0.03202, -0.08832], [0.03202, -0.08962], [0.03089, -0.09027], [0.02977, -0.08962], [0.02977, -0.08832], [0.03089, -0.08767], [0.03202, -0.08832], [0.03202, -0.08832]]]}, "properties": {"n": "Exmouth and Exeter East", "r": -43, "q": 48, "region": "E12000009", "colour": "#178CFF", "id": "E14001232"}, "id": "E14001232"}, {"type": "Feature", "geometry": {"type": "Polygon", "coordinates": [[[0.04775, -0.08832], [0.04775, -0.08962], [0.04663, -0.09027], [0.0455, -0.08962], [0.0455, -0.08832], [0.04663, -0.08767], [0.04775, -0.08832], [0.04775, -0.08832]]]}, "properties": {"n": "Fareham and Waterlooville", "r": -43, "q": 55, "region": "E12000008", "colour": "#67E767", "id": "E14001233"}, "id": "E14001233"}, {"type": "Feature", "geometry": {"type": "Polygon", "coordinates": [[[0.04888, -0.08637], [0.04888, -0.08767], [0.04775, -0.08832], [0.04663, -0.08767], [0.04663, -0.08637], [0.04775, -0.08572], [0.04888, -0.08637], [0.04888, -0.08637]]]}, "properties": {"n": "Farnham and Bordon", "r": -42, "q": 56, "region": "E12000008", "colour": "#67E767", "id": "E14001234"}, "id": "E14001234"}, {"type": "Feature", "geometry": {"type": "Polygon", "coordinates": [[[0.08259, -0.08247], [0.08259, -0.08377], [0.08147, -0.08442], [0.08035, -0.08377], [0.08035, -0.08247], [0.08147, -0.08182], [0.08259, -0.08247], [0.08259, -0.08247]]]}, "properties": {"n": "Faversham and Mid Kent", "r": -40, "q": 71, "region": "E12000008", "colour": "#67E767", "id": "E14001235"}, "id": "E14001235"}, {"type": "Feature", "geometry": {"type": "Polygon", "coordinates": [[[0.05562, -0.08247], [0.05562, -0.08377], [0.0545, -0.08442], [0.05337, -0.08377], [0.05337, -0.08247], [0.0545, -0.08182], [0.05562, -0.08247], [0.05562, -0.08247]]]}, "properties": {"n": "Feltham and Heston", "r": -40, "q": 59, "region": "E12000007", "colour": "#D73058", "id": "E14001236"}, "id": "E14001236"}, {"type": "Feature", "geometry": {"type": "Polygon", "coordinates": [[[0.03651, -0.07663], [0.03651, -0.07793], [0.03539, -0.07858], [0.03426, -0.07793], [0.03426, -0.07663], [0.03539, -0.07598], [0.03651, -0.07663], [0.03651, -0.07663]]]}, "properties": {"n": "Filton and Bradley Stoke", "r": -37, "q": 50, "region": "E12000009", "colour": "#178CFF", "id": "E14001237"}, "id": "E14001237"}, {"type": "Feature", "geometry": {"type": "Polygon", "coordinates": [[[0.06124, -0.07663], [0.06124, -0.07793], [0.06012, -0.07858], [0.05899, -0.07793], [0.05899, -0.07663], [0.06012, -0.07598], [0.06124, -0.07663], [0.06124, -0.07663]]]}, "properties": {"n": "Finchley and Golders Green", "r": -37, "q": 61, "region": "E12000007", "colour": "#D73058", "id": "E14001238"}, "id": "E14001238"}, {"type": "Feature", "geometry": {"type": "Polygon", "coordinates": [[[0.08259, -0.08637], [0.08259, -0.08767], [0.08147, -0.08832], [0.08035, -0.08767], [0.08035, -0.08637], [0.08147, -0.08572], [0.08259, -0.08637], [0.08259, -0.08637]]]}, "properties": {"n": "Folkestone and Hythe", "r": -42, "q": 71, "region": "E12000008", "colour": "#67E767", "id": "E14001239"}, "id": "E14001239"}, {"type": "Feature", "geometry": {"type": "Polygon", "coordinates": [[[0.03651, -0.07273], [0.03651, -0.07403], [0.03539, -0.07468], [0.03426, -0.07403], [0.03426, -0.07273], [0.03539, -0.07208], [0.03651, -0.07273], [0.03651, -0.07273]]]}, "properties": {"n": "Forest of Dean", "r": -35, "q": 50, "region": "E12000009", "colour": "#178CFF", "id": "E14001240"}, "id": "E14001240"}, {"type": "Feature", "geometry": {"type": "Polygon", "coordinates": [[[0.03651, -0.08442], [0.03651, -0.08572], [0.03539, -0.08637], [0.03426, -0.08572], [0.03426, -0.08442], [0.03539, -0.08377], [0.03651, -0.08442], [0.03651, -0.08442]]]}, "properties": {"n": "Frome and East Somerset", "r": -41, "q": 50, "region": "E12000009", "colour": "#178CFF", "id": "E14001241"}, "id": "E14001241"}, {"type": "Feature", "geometry": {"type": "Polygon", "coordinates": [[[0.03876, -0.04156], [0.03876, -0.04286], [0.03764, -0.04351], [0.03651, -0.04286], [0.03651, -0.04156], [0.03764, -0.04091], [0.03876, -0.04156], [0.03876, -0.04156]]]}, "properties": {"n": "Fylde", "r": -19, "q": 51, "region": "E12000002", "colour": "#1DD3A7", "id": "E14001242"}, "id": "E14001242"}, {"type": "Feature", "geometry": {"type": "Polygon", "coordinates": [[[0.06124, -0.05325], [0.06124, -0.05455], [0.06012, -0.0552], [0.05899, -0.05455], [0.05899, -0.05325], [0.06012, -0.0526], [0.06124, -0.05325], [0.06124, -0.05325]]]}, "properties": {"n": "Gainsborough", "r": -25, "q": 61, "region": "E12000004", "colour": "#00B6FF", "id": "E14001243"}, "id": "E14001243"}, {"type": "Feature", "geometry": {"type": "Polygon", "coordinates": [[[0.05, -0.03376], [0.05, -0.03506], [0.04888, -0.03571], [0.04775, -0.03506], [0.04775, -0.03376], [0.04888, -0.03311], [0.05, -0.03376], [0.05, -0.03376]]]}, "properties": {"n": "Gateshead Central and Whickham", "r": -15, "q": 56, "region": "E12000001", "colour": "#D60303", "id": "E14001244"}, "id": "E14001244"}, {"type": "Feature", "geometry": {"type": "Polygon", "coordinates": [[[0.06012, -0.05909], [0.06012, -0.06039], [0.05899, -0.06104], [0.05787, -0.06039], [0.05787, -0.05909], [0.05899, -0.05844], [0.06012, -0.05909], [0.06012, -0.05909]]]}, "properties": {"n": "Gedling", "r": -28, "q": 61, "region": "E12000004", "colour": "#00B6FF", "id": "E14001245"}, "id": "E14001245"}, {"type": "Feature", "geometry": {"type": "Polygon", "coordinates": [[[0.08035, -0.08247], [0.08035, -0.08377], [0.07922, -0.08442], [0.0781, -0.08377], [0.0781, -0.08247], [0.07922, -0.08182], [0.08035, -0.08247], [0.08035, -0.08247]]]}, "properties": {"n": "Gillingham and Rainham", "r": -40, "q": 70, "region": "E12000008", "colour": "#67E767", "id": "E14001246"}, "id": "E14001246"}, {"type": "Feature", "geometry": {"type": "Polygon", "coordinates": [[[0.03426, -0.08442], [0.03426, -0.08572], [0.03314, -0.08637], [0.03202, -0.08572], [0.03202, -0.08442], [0.03314, -0.08377], [0.03426, -0.08442], [0.03426, -0.08442]]]}, "properties": {"n": "Glastonbury and Somerton", "r": -41, "q": 49, "region": "E12000009", "colour": "#178CFF", "id": "E14001247"}, "id": "E14001247"}, {"type": "Feature", "geometry": {"type": "Polygon", "coordinates": [[[0.03876, -0.07273], [0.03876, -0.07403], [0.03764, -0.07468], [0.03651, -0.07403], [0.03651, -0.07273], [0.03764, -0.07208], [0.03876, -0.07273], [0.03876, -0.07273]]]}, "properties": {"n": "Gloucester", "r": -35, "q": 51, "region": "E12000009", "colour": "#178CFF", "id": "E14001248"}, "id": "E14001248"}, {"type": "Feature", "geometry": {"type": "Polygon", "coordinates": [[[0.05112, -0.08637], [0.05112, -0.08767], [0.05, -0.08832], [0.04888, -0.08767], [0.04888, -0.08637], [0.05, -0.08572], [0.05112, -0.08637], [0.05112, -0.08637]]]}, "properties": {"n": "Godalming and Ash", "r": -42, "q": 57, "region": "E12000008", "colour": "#67E767", "id": "E14001249"}, "id": "E14001249"}, {"type": "Feature", "geometry": {"type": "Polygon", "coordinates": [[[0.06124, -0.04545], [0.06124, -0.04675], [0.06012, -0.0474], [0.05899, -0.04675], [0.05899, -0.04545], [0.06012, -0.0448], [0.06124, -0.04545], [0.06124, -0.04545]]]}, "properties": {"n": "Goole and Pocklington", "r": -21, "q": 61, "region": "E12000003", "colour": "#F9BC26", "id": "E14001250"}, "id": "E14001250"}, {"type": "Feature", "geometry": {"type": "Polygon", "coordinates": [[[0.04663, -0.0513], [0.04663, -0.0526], [0.0455, -0.05325], [0.04438, -0.0526], [0.04438, -0.0513], [0.0455, -0.05065], [0.04663, -0.0513], [0.04663, -0.0513]]]}, "properties": {"n": "Gorton and Denton", "r": -24, "q": 55, "region": "E12000002", "colour": "#1DD3A7", "id": "E14001251"}, "id": "E14001251"}, {"type": "Feature", "geometry": {"type": "Polygon", "coordinates": [[[0.05225, -0.08832], [0.05225, -0.08962], [0.05112, -0.09027], [0.05, -0.08962], [0.05, -0.08832], [0.05112, -0.08767], [0.05225, -0.08832], [0.05225, -0.08832]]]}, "properties": {"n": "Gosport", "r": -43, "q": 57, "region": "E12000008", "colour": "#67E767", "id": "E14001252"}, "id": "E14001252"}, {"type": "Feature", "geometry": {"type": "Polygon", "coordinates": [[[0.06461, -0.05909], [0.06461, -0.06039], [0.06349, -0.06104], [0.06236, -0.06039], [0.06236, -0.05909], [0.06349, -0.05844], [0.06461, -0.05909], [0.06461, -0.05909]]]}, "properties": {"n": "Grantham and Bourne", "r": -28, "q": 63, "region": "E12000004", "colour": "#00B6FF", "id": "E14001253"}, "id": "E14001253"}, {"type": "Feature", "geometry": {"type": "Polygon", "coordinates": [[[0.07697, -0.08052], [0.07697, -0.08182], [0.07585, -0.08247], [0.07473, -0.08182], [0.07473, -0.08052], [0.07585, -0.07987], [0.07697, -0.08052], [0.07697, -0.08052]]]}, "properties": {"n": "Gravesham", "r": -39, "q": 68, "region": "E12000008", "colour": "#67E767", "id": "E14001254"}, "id": "E14001254"}, {"type": "Feature", "geometry": {"type": "Polygon", "coordinates": [[[0.06461, -0.0513], [0.06461, -0.0526], [0.06349, -0.05325], [0.06236, -0.0526], [0.06236, -0.0513], [0.06349, -0.05065], [0.06461, -0.0513], [0.06461, -0.0513]]]}, "properties": {"n": "Great Grimsby and Cleethorpes", "r": -24, "q": 63, "region": "E12000003", "colour": "#F9BC26", "id": "E14001255"}, "id": "E14001255"}, {"type": "Feature", "geometry": {"type": "Polygon", "coordinates": [[[0.07473, -0.05714], [0.07473, -0.05844], [0.0736, -0.05909], [0.07248, -0.05844], [0.07248, -0.05714], [0.0736, -0.05649], [0.07473, -0.05714], [0.07473, -0.05714]]]}, "properties": {"n": "Great Yarmouth", "r": -27, "q": 67, "region": "E12000006", "colour": "#FF6700", "id": "E14001256"}, "id": "E14001256"}, {"type": "Feature", "geometry": {"type": "Polygon", "coordinates": [[[0.07135, -0.08247], [0.07135, -0.08377], [0.07023, -0.08442], [0.06911, -0.08377], [0.06911, -0.08247], [0.07023, -0.08182], [0.07135, -0.08247], [0.07135, -0.08247]]]}, "properties": {"n": "Greenwich and Woolwich", "r": -40, "q": 66, "region": "E12000007", "colour": "#D73058", "id": "E14001257"}, "id": "E14001257"}, {"type": "Feature", "geometry": {"type": "Polygon", "coordinates": [[[0.05, -0.08442], [0.05, -0.08572], [0.04888, -0.08637], [0.04775, -0.08572], [0.04775, -0.08442], [0.04888, -0.08377], [0.05, -0.08442], [0.05, -0.08442]]]}, "properties": {"n": "Guildford", "r": -41, "q": 56, "region": "E12000008", "colour": "#67E767", "id": "E14001258"}, "id": "E14001258"}, {"type": "Feature", "geometry": {"type": "Polygon", "coordinates": [[[0.06686, -0.07858], [0.06686, -0.07987], [0.06574, -0.08052], [0.06461, -0.07987], [0.06461, -0.07858], [0.06574, -0.07793], [0.06686, -0.07858], [0.06686, -0.07858]]]}, "properties": {"n": "Hackney North and Stoke Newington", "r": -38, "q": 64, "region": "E12000007", "colour": "#D73058", "id": "E14001259"}, "id": "E14001259"}, {"type": "Feature", "geometry": {"type": "Polygon", "coordinates": [[[0.06798, -0.08052], [0.06798, -0.08182], [0.06686, -0.08247], [0.06574, -0.08182], [0.06574, -0.08052], [0.06686, -0.07987], [0.06798, -0.08052], [0.06798, -0.08052]]]}, "properties": {"n": "Hackney South and Shoreditch", "r": -39, "q": 64, "region": "E12000007", "colour": "#D73058", "id": "E14001260"}, "id": "E14001260"}, {"type": "Feature", "geometry": {"type": "Polygon", "coordinates": [[[0.03876, -0.06883], [0.03876, -0.07013], [0.03764, -0.07078], [0.03651, -0.07013], [0.03651, -0.06883], [0.03764, -0.06818], [0.03876, -0.06883], [0.03876, -0.06883]]]}, "properties": {"n": "Halesowen", "r": -33, "q": 51, "region": "E12000005", "colour": "#E6007C", "id": "E14001261"}, "id": "E14001261"}, {"type": "Feature", "geometry": {"type": "Polygon", "coordinates": [[[0.04775, -0.04545], [0.04775, -0.04675], [0.04663, -0.0474], [0.0455, -0.04675], [0.0455, -0.04545], [0.04663, -0.0448], [0.04775, -0.04545], [0.04775, -0.04545]]]}, "properties": {"n": "Halifax", "r": -21, "q": 55, "region": "E12000003", "colour": "#F9BC26", "id": "E14001262"}, "id": "E14001262"}, {"type": "Feature", "geometry": {"type": "Polygon", "coordinates": [[[0.05, -0.08832], [0.05, -0.08962], [0.04888, -0.09027], [0.04775, -0.08962], [0.04775, -0.08832], [0.04888, -0.08767], [0.05, -0.08832], [0.05, -0.08832]]]}, "properties": {"n": "Hamble Valley", "r": -43, "q": 56, "region": "E12000008", "colour": "#67E767", "id": "E14001263"}, "id": "E14001263"}, {"type": "Feature", "geometry": {"type": "Polygon", "coordinates": [[[0.05899, -0.08052], [0.05899, -0.08182], [0.05787, -0.08247], [0.05674, -0.08182], [0.05674, -0.08052], [0.05787, -0.07987], [0.05899, -0.08052], [0.05899, -0.08052]]]}, "properties": {"n": "Hammersmith and Chiswick", "r": -39, "q": 60, "region": "E12000007", "colour": "#D73058", "id": "E14001264"}, "id": "E14001264"}, {"type": "Feature", "geometry": {"type": "Polygon", "coordinates": [[[0.06236, -0.07858], [0.06236, -0.07987], [0.06124, -0.08052], [0.06012, -0.07987], [0.06012, -0.07858], [0.06124, -0.07793], [0.06236, -0.07858], [0.06236, -0.07858]]]}, "properties": {"n": "Hampstead and Highgate", "r": -38, "q": 62, "region": "E12000007", "colour": "#D73058", "id": "E14001265"}, "id": "E14001265"}, {"type": "Feature", "geometry": {"type": "Polygon", "coordinates": [[[0.06124, -0.06494], [0.06124, -0.06624], [0.06012, -0.06689], [0.05899, -0.06624], [0.05899, -0.06494], [0.06012, -0.06429], [0.06124, -0.06494], [0.06124, -0.06494]]]}, "properties": {"n": "Harborough, Oadby and Wigston", "r": -31, "q": 61, "region": "E12000004", "colour": "#00B6FF", "id": "E14001266"}, "id": "E14001266"}, {"type": "Feature", "geometry": {"type": "Polygon", "coordinates": [[[0.0736, -0.06689], [0.0736, -0.06818], [0.07248, -0.06883], [0.07135, -0.06818], [0.07135, -0.06689], [0.07248, -0.06624], [0.0736, -0.06689], [0.0736, -0.06689]]]}, "properties": {"n": "Harlow", "r": -32, "q": 67, "region": "E12000006", "colour": "#FF6700", "id": "E14001267"}, "id": "E14001267"}, {"type": "Feature", "geometry": {"type": "Polygon", "coordinates": [[[0.06236, -0.07078], [0.06236, -0.07208], [0.06124, -0.07273], [0.06012, -0.07208], [0.06012, -0.07078], [0.06124, -0.07013], [0.06236, -0.07078], [0.06236, -0.07078]]]}, "properties": {"n": "Harpenden and Berkhamsted", "r": -34, "q": 62, "region": "E12000006", "colour": "#FF6700", "id": "E14001268"}, "id": "E14001268"}, {"type": "Feature", "geometry": {"type": "Polygon", "coordinates": [[[0.05562, -0.03961], [0.05562, -0.04091], [0.0545, -0.04156], [0.05337, -0.04091], [0.05337, -0.03961], [0.0545, -0.03896], [0.05562, -0.03961], [0.05562, -0.03961]]]}, "properties": {"n": "Harrogate and Knaresborough", "r": -18, "q": 59, "region": "E12000003", "colour": "#F9BC26", "id": "E14001269"}, "id": "E14001269"}, {"type": "Feature", "geometry": {"type": "Polygon", "coordinates": [[[0.05899, -0.07663], [0.05899, -0.07793], [0.05787, -0.07858], [0.05674, -0.07793], [0.05674, -0.07663], [0.05787, -0.07598], [0.05899, -0.07663], [0.05899, -0.07663]]]}, "properties": {"n": "Harrow East", "r": -37, "q": 60, "region": "E12000007", "colour": "#D73058", "id": "E14001270"}, "id": "E14001270"}, {"type": "Feature", "geometry": {"type": "Polygon", "coordinates": [[[0.05674, -0.07663], [0.05674, -0.07793], [0.05562, -0.07858], [0.0545, -0.07793], [0.0545, -0.07663], [0.05562, -0.07598], [0.05674, -0.07663], [0.05674, -0.07663]]]}, "properties": {"n": "Harrow West", "r": -37, "q": 59, "region": "E12000007", "colour": "#D73058", "id": "E14001271"}, "id": "E14001271"}, {"type": "Feature", "geometry": {"type": "Polygon", "coordinates": [[[0.05562, -0.03571], [0.05562, -0.03701], [0.0545, -0.03766], [0.05337, -0.03701], [0.05337, -0.03571], [0.0545, -0.03506], [0.05562, -0.03571], [0.05562, -0.03571]]]}, "properties": {"n": "Hartlepool", "r": -16, "q": 59, "region": "E12000001", "colour": "#D60303", "id": "E14001272"}, "id": "E14001272"}, {"type": "Feature", "geometry": {"type": "Polygon", "coordinates": [[[0.07922, -0.06494], [0.07922, -0.06624], [0.0781, -0.06689], [0.07697, -0.06624], [0.07697, -0.06494], [0.0781, -0.06429], [0.07922, -0.06494], [0.07922, -0.06494]]]}, "properties": {"n": "Harwich and North Essex", "r": -31, "q": 69, "region": "E12000006", "colour": "#FF6700", "id": "E14001273"}, "id": "E14001273"}, {"type": "Feature", "geometry": {"type": "Polygon", "coordinates": [[[0.08147, -0.08832], [0.08147, -0.08962], [0.08035, -0.09027], [0.07922, -0.08962], [0.07922, -0.08832], [0.08035, -0.08767], [0.08147, -0.08832], [0.08147, -0.08832]]]}, "properties": {"n": "Hastings and Rye", "r": -43, "q": 70, "region": "E12000008", "colour": "#67E767", "id": "E14001274"}, "id": "E14001274"}, {"type": "Feature", "geometry": {"type": "Polygon", "coordinates": [[[0.05562, -0.09027], [0.05562, -0.09157], [0.0545, -0.09221], [0.05337, -0.09157], [0.05337, -0.09027], [0.0545, -0.08962], [0.05562, -0.09027], [0.05562, -0.09027]]]}, "properties": {"n": "Havant", "r": -44, "q": 59, "region": "E12000008", "colour": "#67E767", "id": "E14001275"}, "id": "E14001275"}, {"type": "Feature", "geometry": {"type": "Polygon", "coordinates": [[[0.05337, -0.07858], [0.05337, -0.07987], [0.05225, -0.08052], [0.05112, -0.07987], [0.05112, -0.07858], [0.05225, -0.07793], [0.05337, -0.07858], [0.05337, -0.07858]]]}, "properties": {"n": "Hayes and Harlington", "r": -38, "q": 58, "region": "E12000007", "colour": "#D73058", "id": "E14001276"}, "id": "E14001276"}, {"type": "Feature", "geometry": {"type": "Polygon", "coordinates": [[[0.04775, -0.05325], [0.04775, -0.05455], [0.04663, -0.0552], [0.0455, -0.05455], [0.0455, -0.05325], [0.04663, -0.0526], [0.04775, -0.05325], [0.04775, -0.05325]]]}, "properties": {"n": "Hazel Grove", "r": -25, "q": 55, "region": "E12000002", "colour": "#1DD3A7", "id": "E14001277"}, "id": "E14001277"}, {"type": "Feature", "geometry": {"type": "Polygon", "coordinates": [[[0.06686, -0.07078], [0.06686, -0.07208], [0.06574, -0.07273], [0.06461, -0.07208], [0.06461, -0.07078], [0.06574, -0.07013], [0.06686, -0.07078], [0.06686, -0.07078]]]}, "properties": {"n": "Hemel Hempstead", "r": -34, "q": 64, "region": "E12000006", "colour": "#FF6700", "id": "E14001278"}, "id": "E14001278"}, {"type": "Feature", "geometry": {"type": "Polygon", "coordinates": [[[0.06012, -0.07468], [0.06012, -0.07598], [0.05899, -0.07663], [0.05787, -0.07598], [0.05787, -0.07468], [0.05899, -0.07403], [0.06012, -0.07468], [0.06012, -0.07468]]]}, "properties": {"n": "Hendon", "r": -36, "q": 61, "region": "E12000007", "colour": "#D73058", "id": "E14001279"}, "id": "E14001279"}, {"type": "Feature", "geometry": {"type": "Polygon", "coordinates": [[[0.0545, -0.07273], [0.0545, -0.07403], [0.05337, -0.07468], [0.05225, -0.07403], [0.05225, -0.07273], [0.05337, -0.07208], [0.0545, -0.07273], [0.0545, -0.07273]]]}, "properties": {"n": "Henley and Thame", "r": -35, "q": 58, "region": "E12000008", "colour": "#67E767", "id": "E14001280"}, "id": "E14001280"}, {"type": "Feature", "geometry": {"type": "Polygon", "coordinates": [[[0.03764, -0.07078], [0.03764, -0.07208], [0.03651, -0.07273], [0.03539, -0.07208], [0.03539, -0.07078], [0.03651, -0.07013], [0.03764, -0.07078], [0.03764, -0.07078]]]}, "properties": {"n": "Hereford and South Herefordshire", "r": -34, "q": 51, "region": "E12000005", "colour": "#E6007C", "id": "E14001281"}, "id": "E14001281"}, {"type": "Feature", "geometry": {"type": "Polygon", "coordinates": [[[0.08484, -0.08247], [0.08484, -0.08377], [0.08372, -0.08442], [0.08259, -0.08377], [0.08259, -0.08247], [0.08372, -0.08182], [0.08484, -0.08247], [0.08484, -0.08247]]]}, "properties": {"n": "Herne Bay and Sandwich", "r": -40, "q": 72, "region": "E12000008", "colour": "#67E767", "id": "E14001282"}, "id": "E14001282"}, {"type": "Feature", "geometry": {"type": "Polygon", "coordinates": [[[0.07135, -0.06689], [0.07135, -0.06818], [0.07023, -0.06883], [0.06911, -0.06818], [0.06911, -0.06689], [0.07023, -0.06624], [0.07135, -0.06689], [0.07135, -0.06689]]]}, "properties": {"n": "Hertford and Stortford", "r": -32, "q": 66, "region": "E12000006", "colour": "#FF6700", "id": "E14001283"}, "id": "E14001283"}, {"type": "Feature", "geometry": {"type": "Polygon", "coordinates": [[[0.07135, -0.07078], [0.07135, -0.07208], [0.07023, -0.07273], [0.06911, -0.07208], [0.06911, -0.07078], [0.07023, -0.07013], [0.07135, -0.07078], [0.07135, -0.07078]]]}, "properties": {"n": "Hertsmere", "r": -34, "q": 66, "region": "E12000006", "colour": "#FF6700", "id": "E14001284"}, "id": "E14001284"}, {"type": "Feature", "geometry": {"type": "Polygon", "coordinates": [[[0.04326, -0.02987], [0.04326, -0.03117], [0.04213, -0.03182], [0.04101, -0.03117], [0.04101, -0.02987], [0.04213, -0.02922], [0.04326, -0.02987], [0.04326, -0.02987]]]}, "properties": {"n": "Hexham", "r": -13, "q": 53, "region": "E12000001", "colour": "#D60303", "id": "E14001285"}, "id": "E14001285"}, {"type": "Feature", "geometry": {"type": "Polygon", "coordinates": [[[0.04438, -0.04351], [0.04438, -0.0448], [0.04326, -0.04545], [0.04213, -0.0448], [0.04213, -0.04351], [0.04326, -0.04286], [0.04438, -0.04351], [0.04438, -0.04351]]]}, "properties": {"n": "Heywood and Middleton North", "r": -20, "q": 54, "region": "E12000002", "colour": "#1DD3A7", "id": "E14001286"}, "id": "E14001286"}, {"type": "Feature", "geometry": {"type": "Polygon", "coordinates": [[[0.05, -0.05325], [0.05, -0.05455], [0.04888, -0.0552], [0.04775, -0.05455], [0.04775, -0.05325], [0.04888, -0.0526], [0.05, -0.05325], [0.05, -0.05325]]]}, "properties": {"n": "High Peak", "r": -25, "q": 56, "region": "E12000004", "colour": "#00B6FF", "id": "E14001287"}, "id": "E14001287"}, {"type": "Feature", "geometry": {"type": "Polygon", "coordinates": [[[0.05337, -0.06299], [0.05337, -0.06429], [0.05225, -0.06494], [0.05112, -0.06429], [0.05112, -0.06299], [0.05225, -0.06234], [0.05337, -0.06299], [0.05337, -0.06299]]]}, "properties": {"n": "Hinckley and Bosworth", "r": -30, "q": 58, "region": "E12000004", "colour": "#00B6FF", "id": "E14001288"}, "id": "E14001288"}, {"type": "Feature", "geometry": {"type": "Polygon", "coordinates": [[[0.06686, -0.06689], [0.06686, -0.06818], [0.06574, -0.06883], [0.06461, -0.06818], [0.06461, -0.06689], [0.06574, -0.06624], [0.06686, -0.06689], [0.06686, -0.06689]]]}, "properties": {"n": "Hitchin", "r": -32, "q": 64, "region": "E12000006", "colour": "#FF6700", "id": "E14001289"}, "id": "E14001289"}, {"type": "Feature", "geometry": {"type": "Polygon", "coordinates": [[[0.06349, -0.08052], [0.06349, -0.08182], [0.06236, -0.08247], [0.06124, -0.08182], [0.06124, -0.08052], [0.06236, -0.07987], [0.06349, -0.08052], [0.06349, -0.08052]]]}, "properties": {"n": "Holborn and St Pancras", "r": -39, "q": 62, "region": "E12000007", "colour": "#D73058", "id": "E14001290"}, "id": "E14001290"}, {"type": "Feature", "geometry": {"type": "Polygon", "coordinates": [[[0.03426, -0.08832], [0.03426, -0.08962], [0.03314, -0.09027], [0.03202, -0.08962], [0.03202, -0.08832], [0.03314, -0.08767], [0.03426, -0.08832], [0.03426, -0.08832]]]}, "properties": {"n": "Honiton and Sidmouth", "r": -43, "q": 49, "region": "E12000009", "colour": "#178CFF", "id": "E14001291"}, "id": "E14001291"}, {"type": "Feature", "geometry": {"type": "Polygon", "coordinates": [[[0.07248, -0.07663], [0.07248, -0.07793], [0.07135, -0.07858], [0.07023, -0.07793], [0.07023, -0.07663], [0.07135, -0.07598], [0.07248, -0.07663], [0.07248, -0.07663]]]}, "properties": {"n": "Hornchurch and Upminster", "r": -37, "q": 66, "region": "E12000007", "colour": "#D73058", "id": "E14001292"}, "id": "E14001292"}, {"type": "Feature", "geometry": {"type": "Polygon", "coordinates": [[[0.06461, -0.07468], [0.06461, -0.07598], [0.06349, -0.07663], [0.06236, -0.07598], [0.06236, -0.07468], [0.06349, -0.07403], [0.06461, -0.07468], [0.06461, -0.07468]]]}, "properties": {"n": "Hornsey and Friern Barnet", "r": -36, "q": 63, "region": "E12000007", "colour": "#D73058", "id": "E14001293"}, "id": "E14001293"}, {"type": "Feature", "geometry": {"type": "Polygon", "coordinates": [[[0.06236, -0.09027], [0.06236, -0.09157], [0.06124, -0.09221], [0.06012, -0.09157], [0.06012, -0.09027], [0.06124, -0.08962], [0.06236, -0.09027], [0.06236, -0.09027]]]}, "properties": {"n": "Horsham", "r": -44, "q": 62, "region": "E12000008", "colour": "#67E767", "id": "E14001294"}, "id": "E14001294"}, {"type": "Feature", "geometry": {"type": "Polygon", "coordinates": [[[0.05225, -0.03376], [0.05225, -0.03506], [0.05112, -0.03571], [0.05, -0.03506], [0.05, -0.03376], [0.05112, -0.03311], [0.05225, -0.03376], [0.05225, -0.03376]]]}, "properties": {"n": "Houghton and Sunderland South", "r": -15, "q": 57, "region": "E12000001", "colour": "#D60303", "id": "E14001295"}, "id": "E14001295"}, {"type": "Feature", "geometry": {"type": "Polygon", "coordinates": [[[0.07135, -0.09027], [0.07135, -0.09157], [0.07023, -0.09221], [0.06911, -0.09157], [0.06911, -0.09027], [0.07023, -0.08962], [0.07135, -0.09027], [0.07135, -0.09027]]]}, "properties": {"n": "Hove and Portslade", "r": -44, "q": 66, "region": "E12000008", "colour": "#67E767", "id": "E14001296"}, "id": "E14001296"}, {"type": "Feature", "geometry": {"type": "Polygon", "coordinates": [[[0.04888, -0.0474], [0.04888, -0.0487], [0.04775, -0.04935], [0.04663, -0.0487], [0.04663, -0.0474], [0.04775, -0.04675], [0.04888, -0.0474], [0.04888, -0.0474]]]}, "properties": {"n": "Huddersfield", "r": -22, "q": 56, "region": "E12000003", "colour": "#F9BC26", "id": "E14001297"}, "id": "E14001297"}, {"type": "Feature", "geometry": {"type": "Polygon", "coordinates": [[[0.06574, -0.06494], [0.06574, -0.06624], [0.06461, -0.06689], [0.06349, -0.06624], [0.06349, -0.06494], [0.06461, -0.06429], [0.06574, -0.06494], [0.06574, -0.06494]]]}, "properties": {"n": "Huntingdon", "r": -31, "q": 63, "region": "E12000006", "colour": "#FF6700", "id": "E14001298"}, "id": "E14001298"}, {"type": "Feature", "geometry": {"type": "Polygon", "coordinates": [[[0.0455, -0.04156], [0.0455, -0.04286], [0.04438, -0.04351], [0.04326, -0.04286], [0.04326, -0.04156], [0.04438, -0.04091], [0.0455, -0.04156], [0.0455, -0.04156]]]}, "properties": {"n": "Hyndburn", "r": -19, "q": 54, "region": "E12000002", "colour": "#1DD3A7", "id": "E14001299"}, "id": "E14001299"}, {"type": "Feature", "geometry": {"type": "Polygon", "coordinates": [[[0.06911, -0.07468], [0.06911, -0.07598], [0.06798, -0.07663], [0.06686, -0.07598], [0.06686, -0.07468], [0.06798, -0.07403], [0.06911, -0.07468], [0.06911, -0.07468]]]}, "properties": {"n": "Ilford North", "r": -36, "q": 65, "region": "E12000007", "colour": "#D73058", "id": "E14001300"}, "id": "E14001300"}, {"type": "Feature", "geometry": {"type": "Polygon", "coordinates": [[[0.07023, -0.07663], [0.07023, -0.07793], [0.06911, -0.07858], [0.06798, -0.07793], [0.06798, -0.07663], [0.06911, -0.07598], [0.07023, -0.07663], [0.07023, -0.07663]]]}, "properties": {"n": "Ilford South", "r": -37, "q": 65, "region": "E12000007", "colour": "#D73058", "id": "E14001301"}, "id": "E14001301"}, {"type": "Feature", "geometry": {"type": "Polygon", "coordinates": [[[0.07585, -0.06299], [0.07585, -0.06429], [0.07473, -0.06494], [0.0736, -0.06429], [0.0736, -0.06299], [0.07473, -0.06234], [0.07585, -0.06299], [0.07585, -0.06299]]]}, "properties": {"n": "Ipswich", "r": -30, "q": 68, "region": "E12000006", "colour": "#FF6700", "id": "E14001302"}, "id": "E14001302"}, {"type": "Feature", "geometry": {"type": "Polygon", "coordinates": [[[0.0455, -0.09221], [0.0455, -0.09351], [0.04438, -0.09416], [0.04326, -0.09351], [0.04326, -0.09221], [0.04438, -0.09157], [0.0455, -0.09221], [0.0455, -0.09221]]]}, "properties": {"n": "Isle of Wight East", "r": -45, "q": 54, "region": "E12000008", "colour": "#67E767", "id": "E14001303"}, "id": "E14001303"}, {"type": "Feature", "geometry": {"type": "Polygon", "coordinates": [[[0.04326, -0.09221], [0.04326, -0.09351], [0.04213, -0.09416], [0.04101, -0.09351], [0.04101, -0.09221], [0.04213, -0.09157], [0.04326, -0.09221], [0.04326, -0.09221]]]}, "properties": {"n": "Isle of Wight West", "r": -45, "q": 53, "region": "E12000008", "colour": "#67E767", "id": "E14001304"}, "id": "E14001304"}, {"type": "Feature", "geometry": {"type": "Polygon", "coordinates": [[[0.06461, -0.07858], [0.06461, -0.07987], [0.06349, -0.08052], [0.06236, -0.07987], [0.06236, -0.07858], [0.06349, -0.07793], [0.06461, -0.07858], [0.06461, -0.07858]]]}, "properties": {"n": "Islington North", "r": -38, "q": 63, "region": "E12000007", "colour": "#D73058", "id": "E14001305"}, "id": "E14001305"}, {"type": "Feature", "geometry": {"type": "Polygon", "coordinates": [[[0.06574, -0.08052], [0.06574, -0.08182], [0.06461, -0.08247], [0.06349, -0.08182], [0.06349, -0.08052], [0.06461, -0.07987], [0.06574, -0.08052], [0.06574, -0.08052]]]}, "properties": {"n": "Islington South and Finsbury", "r": -39, "q": 63, "region": "E12000007", "colour": "#D73058", "id": "E14001306"}, "id": "E14001306"}, {"type": "Feature", "geometry": {"type": "Polygon", "coordinates": [[[0.05112, -0.03182], [0.05112, -0.03311], [0.05, -0.03376], [0.04888, -0.03311], [0.04888, -0.03182], [0.05, -0.03117], [0.05112, -0.03182], [0.05112, -0.03182]]]}, "properties": {"n": "Jarrow and Gateshead East", "r": -14, "q": 57, "region": "E12000001", "colour": "#D60303", "id": "E14001307"}, "id": "E14001307"}, {"type": "Feature", "geometry": {"type": "Polygon", "coordinates": [[[0.05, -0.04156], [0.05, -0.04286], [0.04888, -0.04351], [0.04775, -0.04286], [0.04775, -0.04156], [0.04888, -0.04091], [0.05, -0.04156], [0.05, -0.04156]]]}, "properties": {"n": "Keighley and Ilkley", "r": -19, "q": 56, "region": "E12000003", "colour": "#F9BC26", "id": "E14001308"}, "id": "E14001308"}, {"type": "Feature", "geometry": {"type": "Polygon", "coordinates": [[[0.04888, -0.07078], [0.04888, -0.07208], [0.04775, -0.07273], [0.04663, -0.07208], [0.04663, -0.07078], [0.04775, -0.07013], [0.04888, -0.07078], [0.04888, -0.07078]]]}, "properties": {"n": "Kenilworth and Southam", "r": -34, "q": 56, "region": "E12000005", "colour": "#E6007C", "id": "E14001309"}, "id": "E14001309"}, {"type": "Feature", "geometry": {"type": "Polygon", "coordinates": [[[0.06124, -0.08052], [0.06124, -0.08182], [0.06012, -0.08247], [0.05899, -0.08182], [0.05899, -0.08052], [0.06012, -0.07987], [0.06124, -0.08052], [0.06124, -0.08052]]]}, "properties": {"n": "Kensington and Bayswater", "r": -39, "q": 61, "region": "E12000007", "colour": "#D73058", "id": "E14001310"}, "id": "E14001310"}, {"type": "Feature", "geometry": {"type": "Polygon", "coordinates": [[[0.06012, -0.06299], [0.06012, -0.06429], [0.05899, -0.06494], [0.05787, -0.06429], [0.05787, -0.06299], [0.05899, -0.06234], [0.06012, -0.06299], [0.06012, -0.06299]]]}, "properties": {"n": "Kettering", "r": -30, "q": 61, "region": "E12000004", "colour": "#00B6FF", "id": "E14001311"}, "id": "E14001311"}, {"type": "Feature", "geometry": {"type": "Polygon", "coordinates": [[[0.05562, -0.08637], [0.05562, -0.08767], [0.0545, -0.08832], [0.05337, -0.08767], [0.05337, -0.08637], [0.0545, -0.08572], [0.05562, -0.08637], [0.05562, -0.08637]]]}, "properties": {"n": "Kingston and Surbiton", "r": -42, "q": 59, "region": "E12000007", "colour": "#D73058", "id": "E14001312"}, "id": "E14001312"}, {"type": "Feature", "geometry": {"type": "Polygon", "coordinates": [[[0.06461, -0.0474], [0.06461, -0.0487], [0.06349, -0.04935], [0.06236, -0.0487], [0.06236, -0.0474], [0.06349, -0.04675], [0.06461, -0.0474], [0.06461, -0.0474]]]}, "properties": {"n": "Kingston upon Hull East", "r": -22, "q": 63, "region": "E12000003", "colour": "#F9BC26", "id": "E14001313"}, "id": "E14001313"}, {"type": "Feature", "geometry": {"type": "Polygon", "coordinates": [[[0.06349, -0.04545], [0.06349, -0.04675], [0.06236, -0.0474], [0.06124, -0.04675], [0.06124, -0.04545], [0.06236, -0.0448], [0.06349, -0.04545], [0.06349, -0.04545]]]}, "properties": {"n": "Kingston upon Hull North and Cottingham", "r": -21, "q": 62, "region": "E12000003", "colour": "#F9BC26", "id": "E14001314"}, "id": "E14001314"}, {"type": "Feature", "geometry": {"type": "Polygon", "coordinates": [[[0.06236, -0.0474], [0.06236, -0.0487], [0.06124, -0.04935], [0.06012, -0.0487], [0.06012, -0.0474], [0.06124, -0.04675], [0.06236, -0.0474], [0.06236, -0.0474]]]}, "properties": {"n": "Kingston upon Hull West and Haltemprice", "r": -22, "q": 62, "region": "E12000003", "colour": "#F9BC26", "id": "E14001315"}, "id": "E14001315"}, {"type": "Feature", "geometry": {"type": "Polygon", "coordinates": [[[0.03988, -0.06299], [0.03988, -0.06429], [0.03876, -0.06494], [0.03764, -0.06429], [0.03764, -0.06299], [0.03876, -0.06234], [0.03988, -0.06299], [0.03988, -0.06299]]]}, "properties": {"n": "Kingswinford and South Staffordshire", "r": -30, "q": 52, "region": "E12000005", "colour": "#E6007C", "id": "E14001316"}, "id": "E14001316"}, {"type": "Feature", "geometry": {"type": "Polygon", "coordinates": [[[0.03651, -0.04935], [0.03651, -0.05065], [0.03539, -0.0513], [0.03426, -0.05065], [0.03426, -0.04935], [0.03539, -0.0487], [0.03651, -0.04935], [0.03651, -0.04935]]]}, "properties": {"n": "Knowsley", "r": -23, "q": 50, "region": "E12000002", "colour": "#1DD3A7", "id": "E14001317"}, "id": "E14001317"}, {"type": "Feature", "geometry": {"type": "Polygon", "coordinates": [[[0.04438, -0.03961], [0.04438, -0.04091], [0.04326, -0.04156], [0.04213, -0.04091], [0.04213, -0.03961], [0.04326, -0.03896], [0.04438, -0.03961], [0.04438, -0.03961]]]}, "properties": {"n": "Lancaster and Wyre", "r": -18, "q": 54, "region": "E12000002", "colour": "#1DD3A7", "id": "E14001318"}, "id": "E14001318"}, {"type": "Feature", "geometry": {"type": "Polygon", "coordinates": [[[0.05787, -0.04351], [0.05787, -0.0448], [0.05674, -0.04545], [0.05562, -0.0448], [0.05562, -0.04351], [0.05674, -0.04286], [0.05787, -0.04351], [0.05787, -0.04351]]]}, "properties": {"n": "Leeds Central and Headingley", "r": -20, "q": 60, "region": "E12000003", "colour": "#F9BC26", "id": "E14001319"}, "id": "E14001319"}, {"type": "Feature", "geometry": {"type": "Polygon", "coordinates": [[[0.06012, -0.04351], [0.06012, -0.0448], [0.05899, -0.04545], [0.05787, -0.0448], [0.05787, -0.04351], [0.05899, -0.04286], [0.06012, -0.04351], [0.06012, -0.04351]]]}, "properties": {"n": "Leeds East", "r": -20, "q": 61, "region": "E12000003", "colour": "#F9BC26", "id": "E14001320"}, "id": "E14001320"}, {"type": "Feature", "geometry": {"type": "Polygon", "coordinates": [[[0.05674, -0.04156], [0.05674, -0.04286], [0.05562, -0.04351], [0.0545, -0.04286], [0.0545, -0.04156], [0.05562, -0.04091], [0.05674, -0.04156], [0.05674, -0.04156]]]}, "properties": {"n": "Leeds North East", "r": -19, "q": 59, "region": "E12000003", "colour": "#F9BC26", "id": "E14001321"}, "id": "E14001321"}, {"type": "Feature", "geometry": {"type": "Polygon", "coordinates": [[[0.0545, -0.04156], [0.0545, -0.04286], [0.05337, -0.04351], [0.05225, -0.04286], [0.05225, -0.04156], [0.05337, -0.04091], [0.0545, -0.04156], [0.0545, -0.04156]]]}, "properties": {"n": "Leeds North West", "r": -19, "q": 58, "region": "E12000003", "colour": "#F9BC26", "id": "E14001322"}, "id": "E14001322"}, {"type": "Feature", "geometry": {"type": "Polygon", "coordinates": [[[0.0545, -0.04545], [0.0545, -0.04675], [0.05337, -0.0474], [0.05225, -0.04675], [0.05225, -0.04545], [0.05337, -0.0448], [0.0545, -0.04545], [0.0545, -0.04545]]]}, "properties": {"n": "Leeds South West and Morley", "r": -21, "q": 58, "region": "E12000003", "colour": "#F9BC26", "id": "E14001324"}, "id": "E14001324"}, {"type": "Feature", "geometry": {"type": "Polygon", "coordinates": [[[0.05674, -0.04545], [0.05674, -0.04675], [0.05562, -0.0474], [0.0545, -0.04675], [0.0545, -0.04545], [0.05562, -0.0448], [0.05674, -0.04545], [0.05674, -0.04545]]]}, "properties": {"n": "Leeds South", "r": -21, "q": 59, "region": "E12000003", "colour": "#F9BC26", "id": "E14001323"}, "id": "E14001323"}, {"type": "Feature", "geometry": {"type": "Polygon", "coordinates": [[[0.05562, -0.04351], [0.05562, -0.0448], [0.0545, -0.04545], [0.05337, -0.0448], [0.05337, -0.04351], [0.0545, -0.04286], [0.05562, -0.04351], [0.05562, -0.04351]]]}, "properties": {"n": "Leeds West and Pudsey", "r": -20, "q": 59, "region": "E12000003", "colour": "#F9BC26", "id": "E14001325"}, "id": "E14001325"}, {"type": "Feature", "geometry": {"type": "Polygon", "coordinates": [[[0.05787, -0.06299], [0.05787, -0.06429], [0.05674, -0.06494], [0.05562, -0.06429], [0.05562, -0.06299], [0.05674, -0.06234], [0.05787, -0.06299], [0.05787, -0.06299]]]}, "properties": {"n": "Leicester East", "r": -30, "q": 60, "region": "E12000004", "colour": "#00B6FF", "id": "E14001326"}, "id": "E14001326"}, {"type": "Feature", "geometry": {"type": "Polygon", "coordinates": [[[0.05899, -0.06494], [0.05899, -0.06624], [0.05787, -0.06689], [0.05674, -0.06624], [0.05674, -0.06494], [0.05787, -0.06429], [0.05899, -0.06494], [0.05899, -0.06494]]]}, "properties": {"n": "Leicester South", "r": -31, "q": 60, "region": "E12000004", "colour": "#00B6FF", "id": "E14001327"}, "id": "E14001327"}, {"type": "Feature", "geometry": {"type": "Polygon", "coordinates": [[[0.05674, -0.06494], [0.05674, -0.06624], [0.05562, -0.06689], [0.0545, -0.06624], [0.0545, -0.06494], [0.05562, -0.06429], [0.05674, -0.06494], [0.05674, -0.06494]]]}, "properties": {"n": "Leicester West", "r": -31, "q": 59, "region": "E12000004", "colour": "#00B6FF", "id": "E14001328"}, "id": "E14001328"}, {"type": "Feature", "geometry": {"type": "Polygon", "coordinates": [[[0.03876, -0.05325], [0.03876, -0.05455], [0.03764, -0.0552], [0.03651, -0.05455], [0.03651, -0.05325], [0.03764, -0.0526], [0.03876, -0.05325], [0.03876, -0.05325]]]}, "properties": {"n": "Leigh and Atherton", "r": -25, "q": 51, "region": "E12000002", "colour": "#1DD3A7", "id": "E14001329"}, "id": "E14001329"}, {"type": "Feature", "geometry": {"type": "Polygon", "coordinates": [[[0.07697, -0.09221], [0.07697, -0.09351], [0.07585, -0.09416], [0.07473, -0.09351], [0.07473, -0.09221], [0.07585, -0.09157], [0.07697, -0.09221], [0.07697, -0.09221]]]}, "properties": {"n": "Lewes", "r": -45, "q": 68, "region": "E12000008", "colour": "#67E767", "id": "E14001330"}, "id": "E14001330"}, {"type": "Feature", "geometry": {"type": "Polygon", "coordinates": [[[0.07135, -0.08637], [0.07135, -0.08767], [0.07023, -0.08832], [0.06911, -0.08767], [0.06911, -0.08637], [0.07023, -0.08572], [0.07135, -0.08637], [0.07135, -0.08637]]]}, "properties": {"n": "Lewisham East", "r": -42, "q": 66, "region": "E12000007", "colour": "#D73058", "id": "E14001331"}, "id": "E14001331"}, {"type": "Feature", "geometry": {"type": "Polygon", "coordinates": [[[0.06911, -0.08247], [0.06911, -0.08377], [0.06798, -0.08442], [0.06686, -0.08377], [0.06686, -0.08247], [0.06798, -0.08182], [0.06911, -0.08247], [0.06911, -0.08247]]]}, "properties": {"n": "Lewisham North", "r": -40, "q": 65, "region": "E12000007", "colour": "#D73058", "id": "E14001332"}, "id": "E14001332"}, {"type": "Feature", "geometry": {"type": "Polygon", "coordinates": [[[0.07023, -0.08442], [0.07023, -0.08572], [0.06911, -0.08637], [0.06798, -0.08572], [0.06798, -0.08442], [0.06911, -0.08377], [0.07023, -0.08442], [0.07023, -0.08442]]]}, "properties": {"n": "Lewisham West and East Dulwich", "r": -41, "q": 65, "region": "E12000007", "colour": "#D73058", "id": "E14001333"}, "id": "E14001333"}, {"type": "Feature", "geometry": {"type": "Polygon", "coordinates": [[[0.06798, -0.07663], [0.06798, -0.07793], [0.06686, -0.07858], [0.06574, -0.07793], [0.06574, -0.07663], [0.06686, -0.07598], [0.06798, -0.07663], [0.06798, -0.07663]]]}, "properties": {"n": "Leyton and Wanstead", "r": -37, "q": 64, "region": "E12000007", "colour": "#D73058", "id": "E14001334"}, "id": "E14001334"}, {"type": "Feature", "geometry": {"type": "Polygon", "coordinates": [[[0.05, -0.06104], [0.05, -0.06234], [0.04888, -0.06299], [0.04775, -0.06234], [0.04775, -0.06104], [0.04888, -0.06039], [0.05, -0.06104], [0.05, -0.06104]]]}, "properties": {"n": "Lichfield", "r": -29, "q": 56, "region": "E12000005", "colour": "#E6007C", "id": "E14001335"}, "id": "E14001335"}, {"type": "Feature", "geometry": {"type": "Polygon", "coordinates": [[[0.06349, -0.05325], [0.06349, -0.05455], [0.06236, -0.0552], [0.06124, -0.05455], [0.06124, -0.05325], [0.06236, -0.0526], [0.06349, -0.05325], [0.06349, -0.05325]]]}, "properties": {"n": "Lincoln", "r": -25, "q": 62, "region": "E12000004", "colour": "#00B6FF", "id": "E14001336"}, "id": "E14001336"}, {"type": "Feature", "geometry": {"type": "Polygon", "coordinates": [[[0.03651, -0.05325], [0.03651, -0.05455], [0.03539, -0.0552], [0.03426, -0.05455], [0.03426, -0.05325], [0.03539, -0.0526], [0.03651, -0.05325], [0.03651, -0.05325]]]}, "properties": {"n": "Liverpool Garston", "r": -25, "q": 50, "region": "E12000002", "colour": "#1DD3A7", "id": "E14001337"}, "id": "E14001337"}, {"type": "Feature", "geometry": {"type": "Polygon", "coordinates": [[[0.03314, -0.0513], [0.03314, -0.0526], [0.03202, -0.05325], [0.03089, -0.0526], [0.03089, -0.0513], [0.03202, -0.05065], [0.03314, -0.0513], [0.03314, -0.0513]]]}, "properties": {"n": "Liverpool Riverside", "r": -24, "q": 49, "region": "E12000002", "colour": "#1DD3A7", "id": "E14001338"}, "id": "E14001338"}, {"type": "Feature", "geometry": {"type": "Polygon", "coordinates": [[[0.03426, -0.04935], [0.03426, -0.05065], [0.03314, -0.0513], [0.03202, -0.05065], [0.03202, -0.04935], [0.03314, -0.0487], [0.03426, -0.04935], [0.03426, -0.04935]]]}, "properties": {"n": "Liverpool Walton", "r": -23, "q": 49, "region": "E12000002", "colour": "#1DD3A7", "id": "E14001339"}, "id": "E14001339"}, {"type": "Feature", "geometry": {"type": "Polygon", "coordinates": [[[0.03426, -0.05325], [0.03426, -0.05455], [0.03314, -0.0552], [0.03202, -0.05455], [0.03202, -0.05325], [0.03314, -0.0526], [0.03426, -0.05325], [0.03426, -0.05325]]]}, "properties": {"n": "Liverpool Wavertree", "r": -25, "q": 49, "region": "E12000002", "colour": "#1DD3A7", "id": "E14001340"}, "id": "E14001340"}, {"type": "Feature", "geometry": {"type": "Polygon", "coordinates": [[[0.03539, -0.0513], [0.03539, -0.0526], [0.03426, -0.05325], [0.03314, -0.0526], [0.03314, -0.0513], [0.03426, -0.05065], [0.03539, -0.0513], [0.03539, -0.0513]]]}, "properties": {"n": "Liverpool West Derby", "r": -24, "q": 50, "region": "E12000002", "colour": "#1DD3A7", "id": "E14001341"}, "id": "E14001341"}, {"type": "Feature", "geometry": {"type": "Polygon", "coordinates": [[[0.05562, -0.06299], [0.05562, -0.06429], [0.0545, -0.06494], [0.05337, -0.06429], [0.05337, -0.06299], [0.0545, -0.06234], [0.05562, -0.06299], [0.05562, -0.06299]]]}, "properties": {"n": "Loughborough", "r": -30, "q": 59, "region": "E12000004", "colour": "#00B6FF", "id": "E14001342"}, "id": "E14001342"}, {"type": "Feature", "geometry": {"type": "Polygon", "coordinates": [[[0.06574, -0.05325], [0.06574, -0.05455], [0.06461, -0.0552], [0.06349, -0.05455], [0.06349, -0.05325], [0.06461, -0.0526], [0.06574, -0.05325], [0.06574, -0.05325]]]}, "properties": {"n": "Louth and Horncastle", "r": -25, "q": 63, "region": "E12000004", "colour": "#00B6FF", "id": "E14001343"}, "id": "E14001343"}, {"type": "Feature", "geometry": {"type": "Polygon", "coordinates": [[[0.07585, -0.05909], [0.07585, -0.06039], [0.07473, -0.06104], [0.0736, -0.06039], [0.0736, -0.05909], [0.07473, -0.05844], [0.07585, -0.05909], [0.07585, -0.05909]]]}, "properties": {"n": "Lowestoft", "r": -28, "q": 68, "region": "E12000006", "colour": "#FF6700", "id": "E14001344"}, "id": "E14001344"}, {"type": "Feature", "geometry": {"type": "Polygon", "coordinates": [[[0.06574, -0.06883], [0.06574, -0.07013], [0.06461, -0.07078], [0.06349, -0.07013], [0.06349, -0.06883], [0.06461, -0.06818], [0.06574, -0.06883], [0.06574, -0.06883]]]}, "properties": {"n": "Luton North", "r": -33, "q": 63, "region": "E12000006", "colour": "#FF6700", "id": "E14001345"}, "id": "E14001345"}, {"type": "Feature", "geometry": {"type": "Polygon", "coordinates": [[[0.06461, -0.07078], [0.06461, -0.07208], [0.06349, -0.07273], [0.06236, -0.07208], [0.06236, -0.07078], [0.06349, -0.07013], [0.06461, -0.07078], [0.06461, -0.07078]]]}, "properties": {"n": "Luton South and South Bedfordshire", "r": -34, "q": 63, "region": "E12000006", "colour": "#FF6700", "id": "E14001346"}, "id": "E14001346"}, {"type": "Feature", "geometry": {"type": "Polygon", "coordinates": [[[0.04888, -0.0552], [0.04888, -0.05649], [0.04775, -0.05714], [0.04663, -0.05649], [0.04663, -0.0552], [0.04775, -0.05455], [0.04888, -0.0552], [0.04888, -0.0552]]]}, "properties": {"n": "Macclesfield", "r": -26, "q": 56, "region": "E12000002", "colour": "#1DD3A7", "id": "E14001347"}, "id": "E14001347"}, {"type": "Feature", "geometry": {"type": "Polygon", "coordinates": [[[0.05112, -0.07468], [0.05112, -0.07598], [0.05, -0.07663], [0.04888, -0.07598], [0.04888, -0.07468], [0.05, -0.07403], [0.05112, -0.07468], [0.05112, -0.07468]]]}, "properties": {"n": "Maidenhead", "r": -36, "q": 57, "region": "E12000008", "colour": "#67E767", "id": "E14001348"}, "id": "E14001348"}, {"type": "Feature", "geometry": {"type": "Polygon", "coordinates": [[[0.07922, -0.08442], [0.07922, -0.08572], [0.0781, -0.08637], [0.07697, -0.08572], [0.07697, -0.08442], [0.0781, -0.08377], [0.07922, -0.08442], [0.07922, -0.08442]]]}, "properties": {"n": "Maidstone and Malling", "r": -41, "q": 69, "region": "E12000008", "colour": "#67E767", "id": "E14001349"}, "id": "E14001349"}, {"type": "Feature", "geometry": {"type": "Polygon", "coordinates": [[[0.03764, -0.0474], [0.03764, -0.0487], [0.03651, -0.04935], [0.03539, -0.0487], [0.03539, -0.0474], [0.03651, -0.04675], [0.03764, -0.0474], [0.03764, -0.0474]]]}, "properties": {"n": "Makerfield", "r": -22, "q": 51, "region": "E12000002", "colour": "#1DD3A7", "id": "E14001350"}, "id": "E14001350"}, {"type": "Feature", "geometry": {"type": "Polygon", "coordinates": [[[0.07922, -0.06883], [0.07922, -0.07013], [0.0781, -0.07078], [0.07697, -0.07013], [0.07697, -0.06883], [0.0781, -0.06818], [0.07922, -0.06883], [0.07922, -0.06883]]]}, "properties": {"n": "Maldon", "r": -33, "q": 69, "region": "E12000006", "colour": "#FF6700", "id": "E14001351"}, "id": "E14001351"}, {"type": "Feature", "geometry": {"type": "Polygon", "coordinates": [[[0.04438, -0.0513], [0.04438, -0.0526], [0.04326, -0.05325], [0.04213, -0.0526], [0.04213, -0.0513], [0.04326, -0.05065], [0.04438, -0.0513], [0.04438, -0.0513]]]}, "properties": {"n": "Manchester Central", "r": -24, "q": 54, "region": "E12000002", "colour": "#1DD3A7", "id": "E14001352"}, "id": "E14001352"}, {"type": "Feature", "geometry": {"type": "Polygon", "coordinates": [[[0.04326, -0.05325], [0.04326, -0.05455], [0.04213, -0.0552], [0.04101, -0.05455], [0.04101, -0.05325], [0.04213, -0.0526], [0.04326, -0.05325], [0.04326, -0.05325]]]}, "properties": {"n": "Manchester Rusholme", "r": -25, "q": 53, "region": "E12000002", "colour": "#1DD3A7", "id": "E14001353"}, "id": "E14001353"}, {"type": "Feature", "geometry": {"type": "Polygon", "coordinates": [[[0.04438, -0.0552], [0.04438, -0.05649], [0.04326, -0.05714], [0.04213, -0.05649], [0.04213, -0.0552], [0.04326, -0.05455], [0.04438, -0.0552], [0.04438, -0.0552]]]}, "properties": {"n": "Manchester Withington", "r": -26, "q": 54, "region": "E12000002", "colour": "#1DD3A7", "id": "E14001354"}, "id": "E14001354"}, {"type": "Feature", "geometry": {"type": "Polygon", "coordinates": [[[0.06124, -0.05714], [0.06124, -0.05844], [0.06012, -0.05909], [0.05899, -0.05844], [0.05899, -0.05714], [0.06012, -0.05649], [0.06124, -0.05714], [0.06124, -0.05714]]]}, "properties": {"n": "Mansfield", "r": -27, "q": 61, "region": "E12000004", "colour": "#00B6FF", "id": "E14001355"}, "id": "E14001355"}, {"type": "Feature", "geometry": {"type": "Polygon", "coordinates": [[[0.03988, -0.08247], [0.03988, -0.08377], [0.03876, -0.08442], [0.03764, -0.08377], [0.03764, -0.08247], [0.03876, -0.08182], [0.03988, -0.08247], [0.03988, -0.08247]]]}, "properties": {"n": "Melksham and Devizes", "r": -40, "q": 52, "region": "E12000009", "colour": "#178CFF", "id": "E14001356"}, "id": "E14001356"}, {"type": "Feature", "geometry": {"type": "Polygon", "coordinates": [[[0.06124, -0.06104], [0.06124, -0.06234], [0.06012, -0.06299], [0.05899, -0.06234], [0.05899, -0.06104], [0.06012, -0.06039], [0.06124, -0.06104], [0.06124, -0.06104]]]}, "properties": {"n": "Melton and Syston", "r": -29, "q": 61, "region": "E12000004", "colour": "#00B6FF", "id": "E14001357"}, "id": "E14001357"}, {"type": "Feature", "geometry": {"type": "Polygon", "coordinates": [[[0.04775, -0.06883], [0.04775, -0.07013], [0.04663, -0.07078], [0.0455, -0.07013], [0.0455, -0.06883], [0.04663, -0.06818], [0.04775, -0.06883], [0.04775, -0.06883]]]}, "properties": {"n": "Meriden and Solihull East", "r": -33, "q": 55, "region": "E12000005", "colour": "#E6007C", "id": "E14001358"}, "id": "E14001358"}, {"type": "Feature", "geometry": {"type": "Polygon", "coordinates": [[[0.06236, -0.06689], [0.06236, -0.06818], [0.06124, -0.06883], [0.06012, -0.06818], [0.06012, -0.06689], [0.06124, -0.06624], [0.06236, -0.06689], [0.06236, -0.06689]]]}, "properties": {"n": "Mid Bedfordshire", "r": -32, "q": 62, "region": "E12000006", "colour": "#FF6700", "id": "E14001359"}, "id": "E14001359"}, {"type": "Feature", "geometry": {"type": "Polygon", "coordinates": [[[0.05674, -0.07273], [0.05674, -0.07403], [0.05562, -0.07468], [0.0545, -0.07403], [0.0545, -0.07273], [0.05562, -0.07208], [0.05674, -0.07273], [0.05674, -0.07273]]]}, "properties": {"n": "Mid Buckinghamshire", "r": -35, "q": 59, "region": "E12000008", "colour": "#67E767", "id": "E14001360"}, "id": "E14001360"}, {"type": "Feature", "geometry": {"type": "Polygon", "coordinates": [[[0.04101, -0.05714], [0.04101, -0.05844], [0.03988, -0.05909], [0.03876, -0.05844], [0.03876, -0.05714], [0.03988, -0.05649], [0.04101, -0.05714], [0.04101, -0.05714]]]}, "properties": {"n": "Mid Cheshire", "r": -27, "q": 52, "region": "E12000002", "colour": "#1DD3A7", "id": "E14001361"}, "id": "E14001361"}, {"type": "Feature", "geometry": {"type": "Polygon", "coordinates": [[[0.05225, -0.05714], [0.05225, -0.05844], [0.05112, -0.05909], [0.05, -0.05844], [0.05, -0.05714], [0.05112, -0.05649], [0.05225, -0.05714], [0.05225, -0.05714]]]}, "properties": {"n": "Mid Derbyshire", "r": -27, "q": 57, "region": "E12000004", "colour": "#00B6FF", "id": "E14001362"}, "id": "E14001362"}, {"type": "Feature", "geometry": {"type": "Polygon", "coordinates": [[[0.03651, -0.08832], [0.03651, -0.08962], [0.03539, -0.09027], [0.03426, -0.08962], [0.03426, -0.08832], [0.03539, -0.08767], [0.03651, -0.08832], [0.03651, -0.08832]]]}, "properties": {"n": "Mid Dorset and North Poole", "r": -43, "q": 50, "region": "E12000009", "colour": "#178CFF", "id": "E14001363"}, "id": "E14001363"}, {"type": "Feature", "geometry": {"type": "Polygon", "coordinates": [[[0.0545, -0.06494], [0.0545, -0.06624], [0.05337, -0.06689], [0.05225, -0.06624], [0.05225, -0.06494], [0.05337, -0.06429], [0.0545, -0.06494], [0.0545, -0.06494]]]}, "properties": {"n": "Mid Leicestershire", "r": -31, "q": 58, "region": "E12000004", "colour": "#00B6FF", "id": "E14001364"}, "id": "E14001364"}, {"type": "Feature", "geometry": {"type": "Polygon", "coordinates": [[[0.06911, -0.05909], [0.06911, -0.06039], [0.06798, -0.06104], [0.06686, -0.06039], [0.06686, -0.05909], [0.06798, -0.05844], [0.06911, -0.05909], [0.06911, -0.05909]]]}, "properties": {"n": "Mid Norfolk", "r": -28, "q": 65, "region": "E12000006", "colour": "#FF6700", "id": "E14001365"}, "id": "E14001365"}, {"type": "Feature", "geometry": {"type": "Polygon", "coordinates": [[[0.07697, -0.08832], [0.07697, -0.08962], [0.07585, -0.09027], [0.07473, -0.08962], [0.07473, -0.08832], [0.07585, -0.08767], [0.07697, -0.08832], [0.07697, -0.08832]]]}, "properties": {"n": "Mid Sussex", "r": -43, "q": 68, "region": "E12000008", "colour": "#67E767", "id": "E14001366"}, "id": "E14001366"}, {"type": "Feature", "geometry": {"type": "Polygon", "coordinates": [[[0.05225, -0.03766], [0.05225, -0.03896], [0.05112, -0.03961], [0.05, -0.03896], [0.05, -0.03766], [0.05112, -0.03701], [0.05225, -0.03766], [0.05225, -0.03766]]]}, "properties": {"n": "Middlesbrough and Thornaby East", "r": -17, "q": 57, "region": "E12000001", "colour": "#D60303", "id": "E14001367"}, "id": "E14001367"}, {"type": "Feature", "geometry": {"type": "Polygon", "coordinates": [[[0.05674, -0.03766], [0.05674, -0.03896], [0.05562, -0.03961], [0.0545, -0.03896], [0.0545, -0.03766], [0.05562, -0.03701], [0.05674, -0.03766], [0.05674, -0.03766]]]}, "properties": {"n": "Middlesbrough South and East Cleveland", "r": -17, "q": 59, "region": "E12000001", "colour": "#D60303", "id": "E14001368"}, "id": "E14001368"}, {"type": "Feature", "geometry": {"type": "Polygon", "coordinates": [[[0.06012, -0.07078], [0.06012, -0.07208], [0.05899, -0.07273], [0.05787, -0.07208], [0.05787, -0.07078], [0.05899, -0.07013], [0.06012, -0.07078], [0.06012, -0.07078]]]}, "properties": {"n": "Milton Keynes Central", "r": -34, "q": 61, "region": "E12000008", "colour": "#67E767", "id": "E14001369"}, "id": "E14001369"}, {"type": "Feature", "geometry": {"type": "Polygon", "coordinates": [[[0.06124, -0.06883], [0.06124, -0.07013], [0.06012, -0.07078], [0.05899, -0.07013], [0.05899, -0.06883], [0.06012, -0.06818], [0.06124, -0.06883], [0.06124, -0.06883]]]}, "properties": {"n": "Milton Keynes North", "r": -33, "q": 61, "region": "E12000008", "colour": "#67E767", "id": "E14001370"}, "id": "E14001370"}, {"type": "Feature", "geometry": {"type": "Polygon", "coordinates": [[[0.06124, -0.08832], [0.06124, -0.08962], [0.06012, -0.09027], [0.05899, -0.08962], [0.05899, -0.08832], [0.06012, -0.08767], [0.06124, -0.08832], [0.06124, -0.08832]]]}, "properties": {"n": "Mitcham and Morden", "r": -43, "q": 61, "region": "E12000007", "colour": "#D73058", "id": "E14001371"}, "id": "E14001371"}, {"type": "Feature", "geometry": {"type": "Polygon", "coordinates": [[[0.0455, -0.03766], [0.0455, -0.03896], [0.04438, -0.03961], [0.04326, -0.03896], [0.04326, -0.03766], [0.04438, -0.03701], [0.0455, -0.03766], [0.0455, -0.03766]]]}, "properties": {"n": "Morecambe and Lunesdale", "r": -17, "q": 54, "region": "E12000002", "colour": "#1DD3A7", "id": "E14001372"}, "id": "E14001372"}, {"type": "Feature", "geometry": {"type": "Polygon", "coordinates": [[[0.0455, -0.08832], [0.0455, -0.08962], [0.04438, -0.09027], [0.04326, -0.08962], [0.04326, -0.08832], [0.04438, -0.08767], [0.0455, -0.08832], [0.0455, -0.08832]]]}, "properties": {"n": "New Forest East", "r": -43, "q": 54, "region": "E12000008", "colour": "#67E767", "id": "E14001373"}, "id": "E14001373"}, {"type": "Feature", "geometry": {"type": "Polygon", "coordinates": [[[0.04326, -0.08832], [0.04326, -0.08962], [0.04213, -0.09027], [0.04101, -0.08962], [0.04101, -0.08832], [0.04213, -0.08767], [0.04326, -0.08832], [0.04326, -0.08832]]]}, "properties": {"n": "New Forest West", "r": -43, "q": 53, "region": "E12000008", "colour": "#67E767", "id": "E14001374"}, "id": "E14001374"}, {"type": "Feature", "geometry": {"type": "Polygon", "coordinates": [[[0.06236, -0.0552], [0.06236, -0.05649], [0.06124, -0.05714], [0.06012, -0.05649], [0.06012, -0.0552], [0.06124, -0.05455], [0.06236, -0.0552], [0.06236, -0.0552]]]}, "properties": {"n": "Newark", "r": -26, "q": 62, "region": "E12000004", "colour": "#00B6FF", "id": "E14001375"}, "id": "E14001375"}, {"type": "Feature", "geometry": {"type": "Polygon", "coordinates": [[[0.0455, -0.07663], [0.0455, -0.07793], [0.04438, -0.07858], [0.04326, -0.07793], [0.04326, -0.07663], [0.04438, -0.07598], [0.0455, -0.07663], [0.0455, -0.07663]]]}, "properties": {"n": "Newbury", "r": -37, "q": 54, "region": "E12000008", "colour": "#67E767", "id": "E14001376"}, "id": "E14001376"}, {"type": "Feature", "geometry": {"type": "Polygon", "coordinates": [[[0.0455, -0.02987], [0.0455, -0.03117], [0.04438, -0.03182], [0.04326, -0.03117], [0.04326, -0.02987], [0.04438, -0.02922], [0.0455, -0.02987], [0.0455, -0.02987]]]}, "properties": {"n": "Newcastle upon Tyne Central and West", "r": -13, "q": 54, "region": "E12000001", "colour": "#D60303", "id": "E14001377"}, "id": "E14001377"}, {"type": "Feature", "geometry": {"type": "Polygon", "coordinates": [[[0.04888, -0.03182], [0.04888, -0.03311], [0.04775, -0.03376], [0.04663, -0.03311], [0.04663, -0.03182], [0.04775, -0.03117], [0.04888, -0.03182], [0.04888, -0.03182]]]}, "properties": {"n": "Newcastle upon Tyne East and Wallsend", "r": -14, "q": 56, "region": "E12000001", "colour": "#D60303", "id": "E14001378"}, "id": "E14001378"}, {"type": "Feature", "geometry": {"type": "Polygon", "coordinates": [[[0.04775, -0.02987], [0.04775, -0.03117], [0.04663, -0.03182], [0.0455, -0.03117], [0.0455, -0.02987], [0.04663, -0.02922], [0.04775, -0.02987], [0.04775, -0.02987]]]}, "properties": {"n": "Newcastle upon Tyne North", "r": -13, "q": 55, "region": "E12000001", "colour": "#D60303", "id": "E14001379"}, "id": "E14001379"}, {"type": "Feature", "geometry": {"type": "Polygon", "coordinates": [[[0.03988, -0.05909], [0.03988, -0.06039], [0.03876, -0.06104], [0.03764, -0.06039], [0.03764, -0.05909], [0.03876, -0.05844], [0.03988, -0.05909], [0.03988, -0.05909]]]}, "properties": {"n": "Newcastle-under-Lyme", "r": -28, "q": 52, "region": "E12000005", "colour": "#E6007C", "id": "E14001380"}, "id": "E14001380"}, {"type": "Feature", "geometry": {"type": "Polygon", "coordinates": [[[0.02977, -0.08832], [0.02977, -0.08962], [0.02865, -0.09027], [0.02752, -0.08962], [0.02752, -0.08832], [0.02865, -0.08767], [0.02977, -0.08832], [0.02977, -0.08832]]]}, "properties": {"n": "Newton Abbot", "r": -43, "q": 47, "region": "E12000009", "colour": "#178CFF", "id": "E14001381"}, "id": "E14001381"}, {"type": "Feature", "geometry": {"type": "Polygon", "coordinates": [[[0.04888, -0.03571], [0.04888, -0.03701], [0.04775, -0.03766], [0.04663, -0.03701], [0.04663, -0.03571], [0.04775, -0.03506], [0.04888, -0.03571], [0.04888, -0.03571]]]}, "properties": {"n": "Newton Aycliffe and Spennymoor", "r": -16, "q": 56, "region": "E12000001", "colour": "#D60303", "id": "E14001382"}, "id": "E14001382"}, {"type": "Feature", "geometry": {"type": "Polygon", "coordinates": [[[0.05674, -0.04935], [0.05674, -0.05065], [0.05562, -0.0513], [0.0545, -0.05065], [0.0545, -0.04935], [0.05562, -0.0487], [0.05674, -0.04935], [0.05674, -0.04935]]]}, "properties": {"n": "Normanton and Hemsworth", "r": -23, "q": 59, "region": "E12000003", "colour": "#F9BC26", "id": "E14001383"}, "id": "E14001383"}, {"type": "Feature", "geometry": {"type": "Polygon", "coordinates": [[[0.06349, -0.06494], [0.06349, -0.06624], [0.06236, -0.06689], [0.06124, -0.06624], [0.06124, -0.06494], [0.06236, -0.06429], [0.06349, -0.06494], [0.06349, -0.06494]]]}, "properties": {"n": "North Bedfordshire", "r": -31, "q": 62, "region": "E12000006", "colour": "#FF6700", "id": "E14001384"}, "id": "E14001384"}, {"type": "Feature", "geometry": {"type": "Polygon", "coordinates": [[[0.02527, -0.08832], [0.02527, -0.08962], [0.02415, -0.09027], [0.02303, -0.08962], [0.02303, -0.08832], [0.02415, -0.08767], [0.02527, -0.08832], [0.02527, -0.08832]]]}, "properties": {"n": "North Cornwall", "r": -43, "q": 45, "region": "E12000009", "colour": "#178CFF", "id": "E14001385"}, "id": "E14001385"}, {"type": "Feature", "geometry": {"type": "Polygon", "coordinates": [[[0.04326, -0.07663], [0.04326, -0.07793], [0.04213, -0.07858], [0.04101, -0.07793], [0.04101, -0.07663], [0.04213, -0.07598], [0.04326, -0.07663], [0.04326, -0.07663]]]}, "properties": {"n": "North Cotswolds", "r": -37, "q": 53, "region": "E12000009", "colour": "#178CFF", "id": "E14001386"}, "id": "E14001386"}, {"type": "Feature", "geometry": {"type": "Polygon", "coordinates": [[[0.02752, -0.08442], [0.02752, -0.08572], [0.0264, -0.08637], [0.02527, -0.08572], [0.02527, -0.08442], [0.0264, -0.08377], [0.02752, -0.08442], [0.02752, -0.08442]]]}, "properties": {"n": "North Devon", "r": -41, "q": 46, "region": "E12000009", "colour": "#178CFF", "id": "E14001387"}, "id": "E14001387"}, {"type": "Feature", "geometry": {"type": "Polygon", "coordinates": [[[0.03764, -0.08637], [0.03764, -0.08767], [0.03651, -0.08832], [0.03539, -0.08767], [0.03539, -0.08637], [0.03651, -0.08572], [0.03764, -0.08637], [0.03764, -0.08637]]]}, "properties": {"n": "North Dorset", "r": -42, "q": 51, "region": "E12000009", "colour": "#178CFF", "id": "E14001388"}, "id": "E14001388"}, {"type": "Feature", "geometry": {"type": "Polygon", "coordinates": [[[0.0455, -0.03376], [0.0455, -0.03506], [0.04438, -0.03571], [0.04326, -0.03506], [0.04326, -0.03376], [0.04438, -0.03311], [0.0455, -0.03376], [0.0455, -0.03376]]]}, "properties": {"n": "North Durham", "r": -15, "q": 54, "region": "E12000001", "colour": "#D60303", "id": "E14001389"}, "id": "E14001389"}, {"type": "Feature", "geometry": {"type": "Polygon", "coordinates": [[[0.06798, -0.06104], [0.06798, -0.06234], [0.06686, -0.06299], [0.06574, -0.06234], [0.06574, -0.06104], [0.06686, -0.06039], [0.06798, -0.06104], [0.06798, -0.06104]]]}, "properties": {"n": "North East Cambridgeshire", "r": -29, "q": 64, "region": "E12000006", "colour": "#FF6700", "id": "E14001390"}, "id": "E14001390"}, {"type": "Feature", "geometry": {"type": "Polygon", "coordinates": [[[0.05337, -0.0552], [0.05337, -0.05649], [0.05225, -0.05714], [0.05112, -0.05649], [0.05112, -0.0552], [0.05225, -0.05455], [0.05337, -0.0552], [0.05337, -0.0552]]]}, "properties": {"n": "North East Derbyshire", "r": -26, "q": 58, "region": "E12000004", "colour": "#00B6FF", "id": "E14001391"}, "id": "E14001391"}, {"type": "Feature", "geometry": {"type": "Polygon", "coordinates": [[[0.04888, -0.07858], [0.04888, -0.07987], [0.04775, -0.08052], [0.04663, -0.07987], [0.04663, -0.07858], [0.04775, -0.07793], [0.04888, -0.07858], [0.04888, -0.07858]]]}, "properties": {"n": "North East Hampshire", "r": -38, "q": 56, "region": "E12000008", "colour": "#67E767", "id": "E14001392"}, "id": "E14001392"}, {"type": "Feature", "geometry": {"type": "Polygon", "coordinates": [[[0.06911, -0.06689], [0.06911, -0.06818], [0.06798, -0.06883], [0.06686, -0.06818], [0.06686, -0.06689], [0.06798, -0.06624], [0.06911, -0.06689], [0.06911, -0.06689]]]}, "properties": {"n": "North East Hertfordshire", "r": -32, "q": 65, "region": "E12000006", "colour": "#FF6700", "id": "E14001393"}, "id": "E14001393"}, {"type": "Feature", "geometry": {"type": "Polygon", "coordinates": [[[0.03651, -0.08052], [0.03651, -0.08182], [0.03539, -0.08247], [0.03426, -0.08182], [0.03426, -0.08052], [0.03539, -0.07987], [0.03651, -0.08052], [0.03651, -0.08052]]]}, "properties": {"n": "North East Somerset and Hanham", "r": -39, "q": 50, "region": "E12000009", "colour": "#178CFF", "id": "E14001394"}, "id": "E14001394"}, {"type": "Feature", "geometry": {"type": "Polygon", "coordinates": [[[0.03988, -0.07078], [0.03988, -0.07208], [0.03876, -0.07273], [0.03764, -0.07208], [0.03764, -0.07078], [0.03876, -0.07013], [0.03988, -0.07078], [0.03988, -0.07078]]]}, "properties": {"n": "North Herefordshire", "r": -34, "q": 52, "region": "E12000005", "colour": "#E6007C", "id": "E14001395"}, "id": "E14001395"}, {"type": "Feature", "geometry": {"type": "Polygon", "coordinates": [[[0.07023, -0.05714], [0.07023, -0.05844], [0.06911, -0.05909], [0.06798, -0.05844], [0.06798, -0.05714], [0.06911, -0.05649], [0.07023, -0.05714], [0.07023, -0.05714]]]}, "properties": {"n": "North Norfolk", "r": -27, "q": 65, "region": "E12000006", "colour": "#FF6700", "id": "E14001396"}, "id": "E14001396"}, {"type": "Feature", "geometry": {"type": "Polygon", "coordinates": [[[0.04438, -0.02792], [0.04438, -0.02922], [0.04326, -0.02987], [0.04213, -0.02922], [0.04213, -0.02792], [0.04326, -0.02727], [0.04438, -0.02792], [0.04438, -0.02792]]]}, "properties": {"n": "North Northumberland", "r": -12, "q": 54, "region": "E12000001", "colour": "#D60303", "id": "E14001397"}, "id": "E14001397"}, {"type": "Feature", "geometry": {"type": "Polygon", "coordinates": [[[0.03651, -0.06104], [0.03651, -0.06234], [0.03539, -0.06299], [0.03426, -0.06234], [0.03426, -0.06104], [0.03539, -0.06039], [0.03651, -0.06104], [0.03651, -0.06104]]]}, "properties": {"n": "North Shropshire", "r": -29, "q": 50, "region": "E12000005", "colour": "#E6007C", "id": "E14001398"}, "id": "E14001398"}, {"type": "Feature", "geometry": {"type": "Polygon", "coordinates": [[[0.03426, -0.08052], [0.03426, -0.08182], [0.03314, -0.08247], [0.03202, -0.08182], [0.03202, -0.08052], [0.03314, -0.07987], [0.03426, -0.08052], [0.03426, -0.08052]]]}, "properties": {"n": "North Somerset", "r": -39, "q": 49, "region": "E12000009", "colour": "#178CFF", "id": "E14001399"}, "id": "E14001399"}, {"type": "Feature", "geometry": {"type": "Polygon", "coordinates": [[[0.05112, -0.06689], [0.05112, -0.06818], [0.05, -0.06883], [0.04888, -0.06818], [0.04888, -0.06689], [0.05, -0.06624], [0.05112, -0.06689], [0.05112, -0.06689]]]}, "properties": {"n": "North Warwickshire and Bedworth", "r": -32, "q": 57, "region": "E12000005", "colour": "#E6007C", "id": "E14001400"}, "id": "E14001400"}, {"type": "Feature", "geometry": {"type": "Polygon", "coordinates": [[[0.06686, -0.06299], [0.06686, -0.06429], [0.06574, -0.06494], [0.06461, -0.06429], [0.06461, -0.06299], [0.06574, -0.06234], [0.06686, -0.06299], [0.06686, -0.06299]]]}, "properties": {"n": "North West Cambridgeshire", "r": -30, "q": 64, "region": "E12000006", "colour": "#FF6700", "id": "E14001401"}, "id": "E14001401"}, {"type": "Feature", "geometry": {"type": "Polygon", "coordinates": [[[0.07248, -0.06494], [0.07248, -0.06624], [0.07135, -0.06689], [0.07023, -0.06624], [0.07023, -0.06494], [0.07135, -0.06429], [0.07248, -0.06494], [0.07248, -0.06494]]]}, "properties": {"n": "North West Essex", "r": -31, "q": 66, "region": "E12000006", "colour": "#FF6700", "id": "E14001402"}, "id": "E14001402"}, {"type": "Feature", "geometry": {"type": "Polygon", "coordinates": [[[0.0455, -0.08052], [0.0455, -0.08182], [0.04438, -0.08247], [0.04326, -0.08182], [0.04326, -0.08052], [0.04438, -0.07987], [0.0455, -0.08052], [0.0455, -0.08052]]]}, "properties": {"n": "North West Hampshire", "r": -39, "q": 54, "region": "E12000008", "colour": "#67E767", "id": "E14001403"}, "id": "E14001403"}, {"type": "Feature", "geometry": {"type": "Polygon", "coordinates": [[[0.0545, -0.06104], [0.0545, -0.06234], [0.05337, -0.06299], [0.05225, -0.06234], [0.05225, -0.06104], [0.05337, -0.06039], [0.0545, -0.06104], [0.0545, -0.06104]]]}, "properties": {"n": "North West Leicestershire", "r": -29, "q": 58, "region": "E12000004", "colour": "#00B6FF", "id": "E14001404"}, "id": "E14001404"}, {"type": "Feature", "geometry": {"type": "Polygon", "coordinates": [[[0.06686, -0.05909], [0.06686, -0.06039], [0.06574, -0.06104], [0.06461, -0.06039], [0.06461, -0.05909], [0.06574, -0.05844], [0.06686, -0.05909], [0.06686, -0.05909]]]}, "properties": {"n": "North West Norfolk", "r": -28, "q": 64, "region": "E12000006", "colour": "#FF6700", "id": "E14001405"}, "id": "E14001405"}, {"type": "Feature", "geometry": {"type": "Polygon", "coordinates": [[[0.06012, -0.06689], [0.06012, -0.06818], [0.05899, -0.06883], [0.05787, -0.06818], [0.05787, -0.06689], [0.05899, -0.06624], [0.06012, -0.06689], [0.06012, -0.06689]]]}, "properties": {"n": "Northampton North", "r": -32, "q": 61, "region": "E12000004", "colour": "#00B6FF", "id": "E14001406"}, "id": "E14001406"}, {"type": "Feature", "geometry": {"type": "Polygon", "coordinates": [[[0.05899, -0.06883], [0.05899, -0.07013], [0.05787, -0.07078], [0.05674, -0.07013], [0.05674, -0.06883], [0.05787, -0.06818], [0.05899, -0.06883], [0.05899, -0.06883]]]}, "properties": {"n": "Northampton South", "r": -33, "q": 60, "region": "E12000004", "colour": "#00B6FF", "id": "E14001407"}, "id": "E14001407"}, {"type": "Feature", "geometry": {"type": "Polygon", "coordinates": [[[0.07135, -0.05909], [0.07135, -0.06039], [0.07023, -0.06104], [0.06911, -0.06039], [0.06911, -0.05909], [0.07023, -0.05844], [0.07135, -0.05909], [0.07135, -0.05909]]]}, "properties": {"n": "Norwich North", "r": -28, "q": 66, "region": "E12000006", "colour": "#FF6700", "id": "E14001408"}, "id": "E14001408"}, {"type": "Feature", "geometry": {"type": "Polygon", "coordinates": [[[0.07248, -0.06104], [0.07248, -0.06234], [0.07135, -0.06299], [0.07023, -0.06234], [0.07023, -0.06104], [0.07135, -0.06039], [0.07248, -0.06104], [0.07248, -0.06104]]]}, "properties": {"n": "Norwich South", "r": -29, "q": 66, "region": "E12000006", "colour": "#FF6700", "id": "E14001409"}, "id": "E14001409"}, {"type": "Feature", "geometry": {"type": "Polygon", "coordinates": [[[0.05899, -0.06104], [0.05899, -0.06234], [0.05787, -0.06299], [0.05674, -0.06234], [0.05674, -0.06104], [0.05787, -0.06039], [0.05899, -0.06104], [0.05899, -0.06104]]]}, "properties": {"n": "Nottingham East", "r": -29, "q": 60, "region": "E12000004", "colour": "#00B6FF", "id": "E14001410"}, "id": "E14001410"}, {"type": "Feature", "geometry": {"type": "Polygon", "coordinates": [[[0.05787, -0.05909], [0.05787, -0.06039], [0.05674, -0.06104], [0.05562, -0.06039], [0.05562, -0.05909], [0.05674, -0.05844], [0.05787, -0.05909], [0.05787, -0.05909]]]}, "properties": {"n": "Nottingham North and Kimberley", "r": -28, "q": 60, "region": "E12000004", "colour": "#00B6FF", "id": "E14001411"}, "id": "E14001411"}, {"type": "Feature", "geometry": {"type": "Polygon", "coordinates": [[[0.05674, -0.06104], [0.05674, -0.06234], [0.05562, -0.06299], [0.0545, -0.06234], [0.0545, -0.06104], [0.05562, -0.06039], [0.05674, -0.06104], [0.05674, -0.06104]]]}, "properties": {"n": "Nottingham South", "r": -29, "q": 59, "region": "E12000004", "colour": "#00B6FF", "id": "E14001412"}, "id": "E14001412"}, {"type": "Feature", "geometry": {"type": "Polygon", "coordinates": [[[0.05225, -0.06494], [0.05225, -0.06624], [0.05112, -0.06689], [0.05, -0.06624], [0.05, -0.06494], [0.05112, -0.06429], [0.05225, -0.06494], [0.05225, -0.06494]]]}, "properties": {"n": "Nuneaton", "r": -31, "q": 57, "region": "E12000005", "colour": "#E6007C", "id": "E14001413"}, "id": "E14001413"}, {"type": "Feature", "geometry": {"type": "Polygon", "coordinates": [[[0.07473, -0.08442], [0.07473, -0.08572], [0.0736, -0.08637], [0.07248, -0.08572], [0.07248, -0.08442], [0.0736, -0.08377], [0.07473, -0.08442], [0.07473, -0.08442]]]}, "properties": {"n": "Old Bexley and Sidcup", "r": -41, "q": 67, "region": "E12000007", "colour": "#D73058", "id": "E14001414"}, "id": "E14001414"}, {"type": "Feature", "geometry": {"type": "Polygon", "coordinates": [[[0.04663, -0.0474], [0.04663, -0.0487], [0.0455, -0.04935], [0.04438, -0.0487], [0.04438, -0.0474], [0.0455, -0.04675], [0.04663, -0.0474], [0.04663, -0.0474]]]}, "properties": {"n": "Oldham East and Saddleworth", "r": -22, "q": 55, "region": "E12000002", "colour": "#1DD3A7", "id": "E14001415"}, "id": "E14001415"}, {"type": "Feature", "geometry": {"type": "Polygon", "coordinates": [[[0.04438, -0.0474], [0.04438, -0.0487], [0.04326, -0.04935], [0.04213, -0.0487], [0.04213, -0.0474], [0.04326, -0.04675], [0.04438, -0.0474], [0.04438, -0.0474]]]}, "properties": {"n": "Oldham West, Chadderton and Royton", "r": -22, "q": 54, "region": "E12000002", "colour": "#1DD3A7", "id": "E14001416"}, "id": "E14001416"}, {"type": "Feature", "geometry": {"type": "Polygon", "coordinates": [[[0.07248, -0.08832], [0.07248, -0.08962], [0.07135, -0.09027], [0.07023, -0.08962], [0.07023, -0.08832], [0.07135, -0.08767], [0.07248, -0.08832], [0.07248, -0.08832]]]}, "properties": {"n": "Orpington", "r": -43, "q": 66, "region": "E12000007", "colour": "#D73058", "id": "E14001417"}, "id": "E14001417"}, {"type": "Feature", "geometry": {"type": "Polygon", "coordinates": [[[0.05337, -0.0474], [0.05337, -0.0487], [0.05225, -0.04935], [0.05112, -0.0487], [0.05112, -0.0474], [0.05225, -0.04675], [0.05337, -0.0474], [0.05337, -0.0474]]]}, "properties": {"n": "Ossett and Denby Dale", "r": -22, "q": 58, "region": "E12000003", "colour": "#F9BC26", "id": "E14001418"}, "id": "E14001418"}, {"type": "Feature", "geometry": {"type": "Polygon", "coordinates": [[[0.05337, -0.07078], [0.05337, -0.07208], [0.05225, -0.07273], [0.05112, -0.07208], [0.05112, -0.07078], [0.05225, -0.07013], [0.05337, -0.07078], [0.05337, -0.07078]]]}, "properties": {"n": "Oxford East", "r": -34, "q": 58, "region": "E12000008", "colour": "#67E767", "id": "E14001419"}, "id": "E14001419"}, {"type": "Feature", "geometry": {"type": "Polygon", "coordinates": [[[0.05225, -0.07273], [0.05225, -0.07403], [0.05112, -0.07468], [0.05, -0.07403], [0.05, -0.07273], [0.05112, -0.07208], [0.05225, -0.07273], [0.05225, -0.07273]]]}, "properties": {"n": "Oxford West and Abingdon", "r": -35, "q": 57, "region": "E12000008", "colour": "#67E767", "id": "E14001420"}, "id": "E14001420"}, {"type": "Feature", "geometry": {"type": "Polygon", "coordinates": [[[0.06798, -0.08442], [0.06798, -0.08572], [0.06686, -0.08637], [0.06574, -0.08572], [0.06574, -0.08442], [0.06686, -0.08377], [0.06798, -0.08442], [0.06798, -0.08442]]]}, "properties": {"n": "Peckham", "r": -41, "q": 64, "region": "E12000007", "colour": "#D73058", "id": "E14001421"}, "id": "E14001421"}, {"type": "Feature", "geometry": {"type": "Polygon", "coordinates": [[[0.04888, -0.03961], [0.04888, -0.04091], [0.04775, -0.04156], [0.04663, -0.04091], [0.04663, -0.03961], [0.04775, -0.03896], [0.04888, -0.03961], [0.04888, -0.03961]]]}, "properties": {"n": "Pendle and Clitheroe", "r": -18, "q": 56, "region": "E12000002", "colour": "#1DD3A7", "id": "E14001422"}, "id": "E14001422"}, {"type": "Feature", "geometry": {"type": "Polygon", "coordinates": [[[0.05, -0.04935], [0.05, -0.05065], [0.04888, -0.0513], [0.04775, -0.05065], [0.04775, -0.04935], [0.04888, -0.0487], [0.05, -0.04935], [0.05, -0.04935]]]}, "properties": {"n": "Penistone and Stocksbridge", "r": -23, "q": 56, "region": "E12000003", "colour": "#F9BC26", "id": "E14001423"}, "id": "E14001423"}, {"type": "Feature", "geometry": {"type": "Polygon", "coordinates": [[[0.04101, -0.03376], [0.04101, -0.03506], [0.03988, -0.03571], [0.03876, -0.03506], [0.03876, -0.03376], [0.03988, -0.03311], [0.04101, -0.03376], [0.04101, -0.03376]]]}, "properties": {"n": "Penrith and Solway", "r": -15, "q": 52, "region": "E12000002", "colour": "#1DD3A7", "id": "E14001424"}, "id": "E14001424"}, {"type": "Feature", "geometry": {"type": "Polygon", "coordinates": [[[0.06574, -0.06104], [0.06574, -0.06234], [0.06461, -0.06299], [0.06349, -0.06234], [0.06349, -0.06104], [0.06461, -0.06039], [0.06574, -0.06104], [0.06574, -0.06104]]]}, "properties": {"n": "Peterborough", "r": -29, "q": 63, "region": "E12000006", "colour": "#FF6700", "id": "E14001425"}, "id": "E14001425"}, {"type": "Feature", "geometry": {"type": "Polygon", "coordinates": [[[0.02752, -0.08832], [0.02752, -0.08962], [0.0264, -0.09027], [0.02527, -0.08962], [0.02527, -0.08832], [0.0264, -0.08767], [0.02752, -0.08832], [0.02752, -0.08832]]]}, "properties": {"n": "Plymouth Moor View", "r": -43, "q": 46, "region": "E12000009", "colour": "#178CFF", "id": "E14001426"}, "id": "E14001426"}, {"type": "Feature", "geometry": {"type": "Polygon", "coordinates": [[[0.02865, -0.09027], [0.02865, -0.09157], [0.02752, -0.09221], [0.0264, -0.09157], [0.0264, -0.09027], [0.02752, -0.08962], [0.02865, -0.09027], [0.02865, -0.09027]]]}, "properties": {"n": "Plymouth Sutton and Devonport", "r": -44, "q": 47, "region": "E12000009", "colour": "#178CFF", "id": "E14001427"}, "id": "E14001427"}, {"type": "Feature", "geometry": {"type": "Polygon", "coordinates": [[[0.05787, -0.0474], [0.05787, -0.0487], [0.05674, -0.04935], [0.05562, -0.0487], [0.05562, -0.0474], [0.05674, -0.04675], [0.05787, -0.0474], [0.05787, -0.0474]]]}, "properties": {"n": "Pontefract, Castleford and Knottingley", "r": -22, "q": 60, "region": "E12000003", "colour": "#F9BC26", "id": "E14001428"}, "id": "E14001428"}, {"type": "Feature", "geometry": {"type": "Polygon", "coordinates": [[[0.03876, -0.08832], [0.03876, -0.08962], [0.03764, -0.09027], [0.03651, -0.08962], [0.03651, -0.08832], [0.03764, -0.08767], [0.03876, -0.08832], [0.03876, -0.08832]]]}, "properties": {"n": "Poole", "r": -43, "q": 51, "region": "E12000009", "colour": "#178CFF", "id": "E14001429"}, "id": "E14001429"}, {"type": "Feature", "geometry": {"type": "Polygon", "coordinates": [[[0.07248, -0.08052], [0.07248, -0.08182], [0.07135, -0.08247], [0.07023, -0.08182], [0.07023, -0.08052], [0.07135, -0.07987], [0.07248, -0.08052], [0.07248, -0.08052]]]}, "properties": {"n": "Poplar and Limehouse", "r": -39, "q": 66, "region": "E12000007", "colour": "#D73058", "id": "E14001430"}, "id": "E14001430"}, {"type": "Feature", "geometry": {"type": "Polygon", "coordinates": [[[0.0545, -0.08832], [0.0545, -0.08962], [0.05337, -0.09027], [0.05225, -0.08962], [0.05225, -0.08832], [0.05337, -0.08767], [0.0545, -0.08832], [0.0545, -0.08832]]]}, "properties": {"n": "Portsmouth North", "r": -43, "q": 58, "region": "E12000008", "colour": "#67E767", "id": "E14001431"}, "id": "E14001431"}, {"type": "Feature", "geometry": {"type": "Polygon", "coordinates": [[[0.05337, -0.09027], [0.05337, -0.09157], [0.05225, -0.09221], [0.05112, -0.09157], [0.05112, -0.09027], [0.05225, -0.08962], [0.05337, -0.09027], [0.05337, -0.09027]]]}, "properties": {"n": "Portsmouth South", "r": -44, "q": 58, "region": "E12000008", "colour": "#67E767", "id": "E14001432"}, "id": "E14001432"}, {"type": "Feature", "geometry": {"type": "Polygon", "coordinates": [[[0.04101, -0.04156], [0.04101, -0.04286], [0.03988, -0.04351], [0.03876, -0.04286], [0.03876, -0.04156], [0.03988, -0.04091], [0.04101, -0.04156], [0.04101, -0.04156]]]}, "properties": {"n": "Preston", "r": -19, "q": 52, "region": "E12000002", "colour": "#1DD3A7", "id": "E14001433"}, "id": "E14001433"}, {"type": "Feature", "geometry": {"type": "Polygon", "coordinates": [[[0.06124, -0.08442], [0.06124, -0.08572], [0.06012, -0.08637], [0.05899, -0.08572], [0.05899, -0.08442], [0.06012, -0.08377], [0.06124, -0.08442], [0.06124, -0.08442]]]}, "properties": {"n": "Putney", "r": -41, "q": 61, "region": "E12000007", "colour": "#D73058", "id": "E14001434"}, "id": "E14001434"}, {"type": "Feature", "geometry": {"type": "Polygon", "coordinates": [[[0.06236, -0.08247], [0.06236, -0.08377], [0.06124, -0.08442], [0.06012, -0.08377], [0.06012, -0.08247], [0.06124, -0.08182], [0.06236, -0.08247], [0.06236, -0.08247]]]}, "properties": {"n": "Queen's Park and Maida Vale", "r": -40, "q": 62, "region": "E12000007", "colour": "#D73058", "id": "E14001435"}, "id": "E14001435"}, {"type": "Feature", "geometry": {"type": "Polygon", "coordinates": [[[0.05787, -0.0513], [0.05787, -0.0526], [0.05674, -0.05325], [0.05562, -0.0526], [0.05562, -0.0513], [0.05674, -0.05065], [0.05787, -0.0513], [0.05787, -0.0513]]]}, "properties": {"n": "Rawmarsh and Conisbrough", "r": -24, "q": 60, "region": "E12000003", "colour": "#F9BC26", "id": "E14001436"}, "id": "E14001436"}, {"type": "Feature", "geometry": {"type": "Polygon", "coordinates": [[[0.07585, -0.07078], [0.07585, -0.07208], [0.07473, -0.07273], [0.0736, -0.07208], [0.0736, -0.07078], [0.07473, -0.07013], [0.07585, -0.07078], [0.07585, -0.07078]]]}, "properties": {"n": "Rayleigh and Wickford", "r": -34, "q": 68, "region": "E12000006", "colour": "#FF6700", "id": "E14001437"}, "id": "E14001437"}, {"type": "Feature", "geometry": {"type": "Polygon", "coordinates": [[[0.04775, -0.07663], [0.04775, -0.07793], [0.04663, -0.07858], [0.0455, -0.07793], [0.0455, -0.07663], [0.04663, -0.07598], [0.04775, -0.07663], [0.04775, -0.07663]]]}, "properties": {"n": "Reading Central", "r": -37, "q": 55, "region": "E12000008", "colour": "#67E767", "id": "E14001438"}, "id": "E14001438"}, {"type": "Feature", "geometry": {"type": "Polygon", "coordinates": [[[0.04663, -0.07468], [0.04663, -0.07598], [0.0455, -0.07663], [0.04438, -0.07598], [0.04438, -0.07468], [0.0455, -0.07403], [0.04663, -0.07468], [0.04663, -0.07468]]]}, "properties": {"n": "Reading West and Mid Berkshire", "r": -36, "q": 55, "region": "E12000008", "colour": "#67E767", "id": "E14001439"}, "id": "E14001439"}, {"type": "Feature", "geometry": {"type": "Polygon", "coordinates": [[[0.0545, -0.03766], [0.0545, -0.03896], [0.05337, -0.03961], [0.05225, -0.03896], [0.05225, -0.03766], [0.05337, -0.03701], [0.0545, -0.03766], [0.0545, -0.03766]]]}, "properties": {"n": "Redcar", "r": -17, "q": 58, "region": "E12000001", "colour": "#D60303", "id": "E14001440"}, "id": "E14001440"}, {"type": "Feature", "geometry": {"type": "Polygon", "coordinates": [[[0.04326, -0.07273], [0.04326, -0.07403], [0.04213, -0.07468], [0.04101, -0.07403], [0.04101, -0.07273], [0.04213, -0.07208], [0.04326, -0.07273], [0.04326, -0.07273]]]}, "properties": {"n": "Redditch", "r": -35, "q": 53, "region": "E12000005", "colour": "#E6007C", "id": "E14001441"}, "id": "E14001441"}, {"type": "Feature", "geometry": {"type": "Polygon", "coordinates": [[[0.07585, -0.09027], [0.07585, -0.09157], [0.07473, -0.09221], [0.0736, -0.09157], [0.0736, -0.09027], [0.07473, -0.08962], [0.07585, -0.09027], [0.07585, -0.09027]]]}, "properties": {"n": "Reigate", "r": -44, "q": 68, "region": "E12000008", "colour": "#67E767", "id": "E14001442"}, "id": "E14001442"}, {"type": "Feature", "geometry": {"type": "Polygon", "coordinates": [[[0.04663, -0.03961], [0.04663, -0.04091], [0.0455, -0.04156], [0.04438, -0.04091], [0.04438, -0.03961], [0.0455, -0.03896], [0.04663, -0.03961], [0.04663, -0.03961]]]}, "properties": {"n": "Ribble Valley", "r": -18, "q": 55, "region": "E12000002", "colour": "#1DD3A7", "id": "E14001443"}, "id": "E14001443"}, {"type": "Feature", "geometry": {"type": "Polygon", "coordinates": [[[0.05112, -0.03961], [0.05112, -0.04091], [0.05, -0.04156], [0.04888, -0.04091], [0.04888, -0.03961], [0.05, -0.03896], [0.05112, -0.03961], [0.05112, -0.03961]]]}, "properties": {"n": "Richmond and Northallerton", "r": -18, "q": 57, "region": "E12000003", "colour": "#F9BC26", "id": "E14001444"}, "id": "E14001444"}, {"type": "Feature", "geometry": {"type": "Polygon", "coordinates": [[[0.05674, -0.08442], [0.05674, -0.08572], [0.05562, -0.08637], [0.0545, -0.08572], [0.0545, -0.08442], [0.05562, -0.08377], [0.05674, -0.08442], [0.05674, -0.08442]]]}, "properties": {"n": "Richmond Park", "r": -41, "q": 59, "region": "E12000007", "colour": "#D73058", "id": "E14001445"}, "id": "E14001445"}, {"type": "Feature", "geometry": {"type": "Polygon", "coordinates": [[[0.0455, -0.04545], [0.0455, -0.04675], [0.04438, -0.0474], [0.04326, -0.04675], [0.04326, -0.04545], [0.04438, -0.0448], [0.0455, -0.04545], [0.0455, -0.04545]]]}, "properties": {"n": "Rochdale", "r": -21, "q": 54, "region": "E12000002", "colour": "#1DD3A7", "id": "E14001446"}, "id": "E14001446"}, {"type": "Feature", "geometry": {"type": "Polygon", "coordinates": [[[0.07922, -0.08052], [0.07922, -0.08182], [0.0781, -0.08247], [0.07697, -0.08182], [0.07697, -0.08052], [0.0781, -0.07987], [0.07922, -0.08052], [0.07922, -0.08052]]]}, "properties": {"n": "Rochester and Strood", "r": -39, "q": 69, "region": "E12000008", "colour": "#67E767", "id": "E14001447"}, "id": "E14001447"}, {"type": "Feature", "geometry": {"type": "Polygon", "coordinates": [[[0.07135, -0.07468], [0.07135, -0.07598], [0.07023, -0.07663], [0.06911, -0.07598], [0.06911, -0.07468], [0.07023, -0.07403], [0.07135, -0.07468], [0.07135, -0.07468]]]}, "properties": {"n": "Romford", "r": -36, "q": 66, "region": "E12000007", "colour": "#D73058", "id": "E14001448"}, "id": "E14001448"}, {"type": "Feature", "geometry": {"type": "Polygon", "coordinates": [[[0.04438, -0.08247], [0.04438, -0.08377], [0.04326, -0.08442], [0.04213, -0.08377], [0.04213, -0.08247], [0.04326, -0.08182], [0.04438, -0.08247], [0.04438, -0.08247]]]}, "properties": {"n": "Romsey and Southampton North", "r": -40, "q": 54, "region": "E12000008", "colour": "#67E767", "id": "E14001449"}, "id": "E14001449"}, {"type": "Feature", "geometry": {"type": "Polygon", "coordinates": [[[0.04663, -0.04351], [0.04663, -0.0448], [0.0455, -0.04545], [0.04438, -0.0448], [0.04438, -0.04351], [0.0455, -0.04286], [0.04663, -0.04351], [0.04663, -0.04351]]]}, "properties": {"n": "Rossendale and Darwen", "r": -20, "q": 55, "region": "E12000002", "colour": "#1DD3A7", "id": "E14001450"}, "id": "E14001450"}, {"type": "Feature", "geometry": {"type": "Polygon", "coordinates": [[[0.05899, -0.05325], [0.05899, -0.05455], [0.05787, -0.0552], [0.05674, -0.05455], [0.05674, -0.05325], [0.05787, -0.0526], [0.05899, -0.05325], [0.05899, -0.05325]]]}, "properties": {"n": "Rother Valley", "r": -25, "q": 60, "region": "E12000003", "colour": "#F9BC26", "id": "E14001451"}, "id": "E14001451"}, {"type": "Feature", "geometry": {"type": "Polygon", "coordinates": [[[0.05562, -0.0513], [0.05562, -0.0526], [0.0545, -0.05325], [0.05337, -0.0526], [0.05337, -0.0513], [0.0545, -0.05065], [0.05562, -0.0513], [0.05562, -0.0513]]]}, "properties": {"n": "Rotherham", "r": -24, "q": 59, "region": "E12000003", "colour": "#F9BC26", "id": "E14001452"}, "id": "E14001452"}, {"type": "Feature", "geometry": {"type": "Polygon", "coordinates": [[[0.05337, -0.06689], [0.05337, -0.06818], [0.05225, -0.06883], [0.05112, -0.06818], [0.05112, -0.06689], [0.05225, -0.06624], [0.05337, -0.06689], [0.05337, -0.06689]]]}, "properties": {"n": "Rugby", "r": -32, "q": 58, "region": "E12000005", "colour": "#E6007C", "id": "E14001453"}, "id": "E14001453"}, {"type": "Feature", "geometry": {"type": "Polygon", "coordinates": [[[0.05787, -0.07468], [0.05787, -0.07598], [0.05674, -0.07663], [0.05562, -0.07598], [0.05562, -0.07468], [0.05674, -0.07403], [0.05787, -0.07468], [0.05787, -0.07468]]]}, "properties": {"n": "Ruislip, Northwood and Pinner", "r": -36, "q": 60, "region": "E12000007", "colour": "#D73058", "id": "E14001454"}, "id": "E14001454"}, {"type": "Feature", "geometry": {"type": "Polygon", "coordinates": [[[0.03764, -0.05909], [0.03764, -0.06039], [0.03651, -0.06104], [0.03539, -0.06039], [0.03539, -0.05909], [0.03651, -0.05844], [0.03764, -0.05909], [0.03764, -0.05909]]]}, "properties": {"n": "Runcorn and Helsby", "r": -28, "q": 51, "region": "E12000002", "colour": "#1DD3A7", "id": "E14001455"}, "id": "E14001455"}, {"type": "Feature", "geometry": {"type": "Polygon", "coordinates": [[[0.05225, -0.08442], [0.05225, -0.08572], [0.05112, -0.08637], [0.05, -0.08572], [0.05, -0.08442], [0.05112, -0.08377], [0.05225, -0.08442], [0.05225, -0.08442]]]}, "properties": {"n": "Runnymede and Weybridge", "r": -41, "q": 57, "region": "E12000008", "colour": "#67E767", "id": "E14001456"}, "id": "E14001456"}, {"type": "Feature", "geometry": {"type": "Polygon", "coordinates": [[[0.06236, -0.05909], [0.06236, -0.06039], [0.06124, -0.06104], [0.06012, -0.06039], [0.06012, -0.05909], [0.06124, -0.05844], [0.06236, -0.05909], [0.06236, -0.05909]]]}, "properties": {"n": "Rushcliffe", "r": -28, "q": 62, "region": "E12000004", "colour": "#00B6FF", "id": "E14001457"}, "id": "E14001457"}, {"type": "Feature", "geometry": {"type": "Polygon", "coordinates": [[[0.06349, -0.06104], [0.06349, -0.06234], [0.06236, -0.06299], [0.06124, -0.06234], [0.06124, -0.06104], [0.06236, -0.06039], [0.06349, -0.06104], [0.06349, -0.06104]]]}, "properties": {"n": "Rutland and Stamford", "r": -29, "q": 62, "region": "E12000004", "colour": "#00B6FF", "id": "E14001458"}, "id": "E14001458"}, {"type": "Feature", "geometry": {"type": "Polygon", "coordinates": [[[0.04213, -0.0513], [0.04213, -0.0526], [0.04101, -0.05325], [0.03988, -0.0526], [0.03988, -0.0513], [0.04101, -0.05065], [0.04213, -0.0513], [0.04213, -0.0513]]]}, "properties": {"n": "Salford", "r": -24, "q": 53, "region": "E12000002", "colour": "#1DD3A7", "id": "E14001459"}, "id": "E14001459"}, {"type": "Feature", "geometry": {"type": "Polygon", "coordinates": [[[0.04101, -0.08442], [0.04101, -0.08572], [0.03988, -0.08637], [0.03876, -0.08572], [0.03876, -0.08442], [0.03988, -0.08377], [0.04101, -0.08442], [0.04101, -0.08442]]]}, "properties": {"n": "Salisbury", "r": -41, "q": 52, "region": "E12000009", "colour": "#178CFF", "id": "E14001460"}, "id": "E14001460"}, {"type": "Feature", "geometry": {"type": "Polygon", "coordinates": [[[0.06124, -0.04156], [0.06124, -0.04286], [0.06012, -0.04351], [0.05899, -0.04286], [0.05899, -0.04156], [0.06012, -0.04091], [0.06124, -0.04156], [0.06124, -0.04156]]]}, "properties": {"n": "Scarborough and Whitby", "r": -19, "q": 61, "region": "E12000003", "colour": "#F9BC26", "id": "E14001461"}, "id": "E14001461"}, {"type": "Feature", "geometry": {"type": "Polygon", "coordinates": [[[0.06012, -0.0513], [0.06012, -0.0526], [0.05899, -0.05325], [0.05787, -0.0526], [0.05787, -0.0513], [0.05899, -0.05065], [0.06012, -0.0513], [0.06012, -0.0513]]]}, "properties": {"n": "Scunthorpe", "r": -24, "q": 61, "region": "E12000003", "colour": "#F9BC26", "id": "E14001462"}, "id": "E14001462"}, {"type": "Feature", "geometry": {"type": "Polygon", "coordinates": [[[0.03539, -0.04351], [0.03539, -0.0448], [0.03426, -0.04545], [0.03314, -0.0448], [0.03314, -0.04351], [0.03426, -0.04286], [0.03539, -0.04351], [0.03539, -0.04351]]]}, "properties": {"n": "Sefton Central", "r": -20, "q": 50, "region": "E12000002", "colour": "#1DD3A7", "id": "E14001463"}, "id": "E14001463"}, {"type": "Feature", "geometry": {"type": "Polygon", "coordinates": [[[0.05899, -0.04545], [0.05899, -0.04675], [0.05787, -0.0474], [0.05674, -0.04675], [0.05674, -0.04545], [0.05787, -0.0448], [0.05899, -0.04545], [0.05899, -0.04545]]]}, "properties": {"n": "Selby", "r": -21, "q": 60, "region": "E12000003", "colour": "#F9BC26", "id": "E14001464"}, "id": "E14001464"}, {"type": "Feature", "geometry": {"type": "Polygon", "coordinates": [[[0.07585, -0.08637], [0.07585, -0.08767], [0.07473, -0.08832], [0.0736, -0.08767], [0.0736, -0.08637], [0.07473, -0.08572], [0.07585, -0.08637], [0.07585, -0.08637]]]}, "properties": {"n": "Sevenoaks", "r": -42, "q": 68, "region": "E12000008", "colour": "#67E767", "id": "E14001465"}, "id": "E14001465"}, {"type": "Feature", "geometry": {"type": "Polygon", "coordinates": [[[0.05337, -0.0513], [0.05337, -0.0526], [0.05225, -0.05325], [0.05112, -0.0526], [0.05112, -0.0513], [0.05225, -0.05065], [0.05337, -0.0513], [0.05337, -0.0513]]]}, "properties": {"n": "Sheffield Brightside and Hillsborough", "r": -24, "q": 58, "region": "E12000003", "colour": "#F9BC26", "id": "E14001466"}, "id": "E14001466"}, {"type": "Feature", "geometry": {"type": "Polygon", "coordinates": [[[0.0545, -0.05325], [0.0545, -0.05455], [0.05337, -0.0552], [0.05225, -0.05455], [0.05225, -0.05325], [0.05337, -0.0526], [0.0545, -0.05325], [0.0545, -0.05325]]]}, "properties": {"n": "Sheffield Central", "r": -25, "q": 58, "region": "E12000003", "colour": "#F9BC26", "id": "E14001467"}, "id": "E14001467"}, {"type": "Feature", "geometry": {"type": "Polygon", "coordinates": [[[0.05112, -0.0513], [0.05112, -0.0526], [0.05, -0.05325], [0.04888, -0.0526], [0.04888, -0.0513], [0.05, -0.05065], [0.05112, -0.0513], [0.05112, -0.0513]]]}, "properties": {"n": "Sheffield Hallam", "r": -24, "q": 57, "region": "E12000003", "colour": "#F9BC26", "id": "E14001468"}, "id": "E14001468"}, {"type": "Feature", "geometry": {"type": "Polygon", "coordinates": [[[0.05225, -0.05325], [0.05225, -0.05455], [0.05112, -0.0552], [0.05, -0.05455], [0.05, -0.05325], [0.05112, -0.0526], [0.05225, -0.05325], [0.05225, -0.05325]]]}, "properties": {"n": "Sheffield Heeley", "r": -25, "q": 57, "region": "E12000003", "colour": "#F9BC26", "id": "E14001469"}, "id": "E14001469"}, {"type": "Feature", "geometry": {"type": "Polygon", "coordinates": [[[0.05674, -0.05325], [0.05674, -0.05455], [0.05562, -0.0552], [0.0545, -0.05455], [0.0545, -0.05325], [0.05562, -0.0526], [0.05674, -0.05325], [0.05674, -0.05325]]]}, "properties": {"n": "Sheffield South East", "r": -25, "q": 59, "region": "E12000003", "colour": "#F9BC26", "id": "E14001470"}, "id": "E14001470"}, {"type": "Feature", "geometry": {"type": "Polygon", "coordinates": [[[0.06349, -0.05714], [0.06349, -0.05844], [0.06236, -0.05909], [0.06124, -0.05844], [0.06124, -0.05714], [0.06236, -0.05649], [0.06349, -0.05714], [0.06349, -0.05714]]]}, "properties": {"n": "Sherwood Forest", "r": -27, "q": 62, "region": "E12000004", "colour": "#00B6FF", "id": "E14001471"}, "id": "E14001471"}, {"type": "Feature", "geometry": {"type": "Polygon", "coordinates": [[[0.05225, -0.04156], [0.05225, -0.04286], [0.05112, -0.04351], [0.05, -0.04286], [0.05, -0.04156], [0.05112, -0.04091], [0.05225, -0.04156], [0.05225, -0.04156]]]}, "properties": {"n": "Shipley", "r": -19, "q": 57, "region": "E12000003", "colour": "#F9BC26", "id": "E14001472"}, "id": "E14001472"}, {"type": "Feature", "geometry": {"type": "Polygon", "coordinates": [[[0.03764, -0.06299], [0.03764, -0.06429], [0.03651, -0.06494], [0.03539, -0.06429], [0.03539, -0.06299], [0.03651, -0.06234], [0.03764, -0.06299], [0.03764, -0.06299]]]}, "properties": {"n": "Shrewsbury", "r": -30, "q": 51, "region": "E12000005", "colour": "#E6007C", "id": "E14001473"}, "id": "E14001473"}, {"type": "Feature", "geometry": {"type": "Polygon", "coordinates": [[[0.08147, -0.08052], [0.08147, -0.08182], [0.08035, -0.08247], [0.07922, -0.08182], [0.07922, -0.08052], [0.08035, -0.07987], [0.08147, -0.08052], [0.08147, -0.08052]]]}, "properties": {"n": "Sittingbourne and Sheppey", "r": -39, "q": 70, "region": "E12000008", "colour": "#67E767", "id": "E14001474"}, "id": "E14001474"}, {"type": "Feature", "geometry": {"type": "Polygon", "coordinates": [[[0.05337, -0.03961], [0.05337, -0.04091], [0.05225, -0.04156], [0.05112, -0.04091], [0.05112, -0.03961], [0.05225, -0.03896], [0.05337, -0.03961], [0.05337, -0.03961]]]}, "properties": {"n": "Skipton and Ripon", "r": -18, "q": 58, "region": "E12000003", "colour": "#F9BC26", "id": "E14001475"}, "id": "E14001475"}, {"type": "Feature", "geometry": {"type": "Polygon", "coordinates": [[[0.06461, -0.0552], [0.06461, -0.05649], [0.06349, -0.05714], [0.06236, -0.05649], [0.06236, -0.0552], [0.06349, -0.05455], [0.06461, -0.0552], [0.06461, -0.0552]]]}, "properties": {"n": "Sleaford and North Hykeham", "r": -26, "q": 63, "region": "E12000004", "colour": "#00B6FF", "id": "E14001476"}, "id": "E14001476"}, {"type": "Feature", "geometry": {"type": "Polygon", "coordinates": [[[0.05, -0.07663], [0.05, -0.07793], [0.04888, -0.07858], [0.04775, -0.07793], [0.04775, -0.07663], [0.04888, -0.07598], [0.05, -0.07663], [0.05, -0.07663]]]}, "properties": {"n": "Slough", "r": -37, "q": 56, "region": "E12000008", "colour": "#67E767", "id": "E14001477"}, "id": "E14001477"}, {"type": "Feature", "geometry": {"type": "Polygon", "coordinates": [[[0.04213, -0.06689], [0.04213, -0.06818], [0.04101, -0.06883], [0.03988, -0.06818], [0.03988, -0.06689], [0.04101, -0.06624], [0.04213, -0.06689], [0.04213, -0.06689]]]}, "properties": {"n": "Smethwick", "r": -32, "q": 53, "region": "E12000005", "colour": "#E6007C", "id": "E14001478"}, "id": "E14001478"}, {"type": "Feature", "geometry": {"type": "Polygon", "coordinates": [[[0.04663, -0.07078], [0.04663, -0.07208], [0.0455, -0.07273], [0.04438, -0.07208], [0.04438, -0.07078], [0.0455, -0.07013], [0.04663, -0.07078], [0.04663, -0.07078]]]}, "properties": {"n": "Solihull West and Shirley", "r": -34, "q": 55, "region": "E12000005", "colour": "#E6007C", "id": "E14001479"}, "id": "E14001479"}, {"type": "Feature", "geometry": {"type": "Polygon", "coordinates": [[[0.07585, -0.07468], [0.07585, -0.07598], [0.07473, -0.07663], [0.0736, -0.07598], [0.0736, -0.07468], [0.07473, -0.07403], [0.07585, -0.07468], [0.07585, -0.07468]]]}, "properties": {"n": "South Basildon and East Thurrock", "r": -36, "q": 68, "region": "E12000006", "colour": "#FF6700", "id": "E14001480"}, "id": "E14001480"}, {"type": "Feature", "geometry": {"type": "Polygon", "coordinates": [[[0.07023, -0.06494], [0.07023, -0.06624], [0.06911, -0.06689], [0.06798, -0.06624], [0.06798, -0.06494], [0.06911, -0.06429], [0.07023, -0.06494], [0.07023, -0.06494]]]}, "properties": {"n": "South Cambridgeshire", "r": -31, "q": 65, "region": "E12000006", "colour": "#FF6700", "id": "E14001481"}, "id": "E14001481"}, {"type": "Feature", "geometry": {"type": "Polygon", "coordinates": [[[0.04213, -0.07858], [0.04213, -0.07987], [0.04101, -0.08052], [0.03988, -0.07987], [0.03988, -0.07858], [0.04101, -0.07793], [0.04213, -0.07858], [0.04213, -0.07858]]]}, "properties": {"n": "South Cotswolds", "r": -38, "q": 53, "region": "E12000009", "colour": "#178CFF", "id": "E14001482"}, "id": "E14001482"}, {"type": "Feature", "geometry": {"type": "Polygon", "coordinates": [[[0.05225, -0.06104], [0.05225, -0.06234], [0.05112, -0.06299], [0.05, -0.06234], [0.05, -0.06104], [0.05112, -0.06039], [0.05225, -0.06104], [0.05225, -0.06104]]]}, "properties": {"n": "South Derbyshire", "r": -29, "q": 57, "region": "E12000004", "colour": "#00B6FF", "id": "E14001483"}, "id": "E14001483"}, {"type": "Feature", "geometry": {"type": "Polygon", "coordinates": [[[0.03202, -0.09221], [0.03202, -0.09351], [0.03089, -0.09416], [0.02977, -0.09351], [0.02977, -0.09221], [0.03089, -0.09157], [0.03202, -0.09221], [0.03202, -0.09221]]]}, "properties": {"n": "South Devon", "r": -45, "q": 48, "region": "E12000009", "colour": "#178CFF", "id": "E14001484"}, "id": "E14001484"}, {"type": "Feature", "geometry": {"type": "Polygon", "coordinates": [[[0.03764, -0.09027], [0.03764, -0.09157], [0.03651, -0.09221], [0.03539, -0.09157], [0.03539, -0.09027], [0.03651, -0.08962], [0.03764, -0.09027], [0.03764, -0.09027]]]}, "properties": {"n": "South Dorset", "r": -44, "q": 51, "region": "E12000009", "colour": "#178CFF", "id": "E14001485"}, "id": "E14001485"}, {"type": "Feature", "geometry": {"type": "Polygon", "coordinates": [[[0.0264, -0.09027], [0.0264, -0.09157], [0.02527, -0.09221], [0.02415, -0.09157], [0.02415, -0.09027], [0.02527, -0.08962], [0.0264, -0.09027], [0.0264, -0.09027]]]}, "properties": {"n": "South East Cornwall", "r": -44, "q": 46, "region": "E12000009", "colour": "#178CFF", "id": "E14001486"}, "id": "E14001486"}, {"type": "Feature", "geometry": {"type": "Polygon", "coordinates": [[[0.06574, -0.05714], [0.06574, -0.05844], [0.06461, -0.05909], [0.06349, -0.05844], [0.06349, -0.05714], [0.06461, -0.05649], [0.06574, -0.05714], [0.06574, -0.05714]]]}, "properties": {"n": "South Holland and The Deepings", "r": -27, "q": 63, "region": "E12000004", "colour": "#00B6FF", "id": "E14001487"}, "id": "E14001487"}, {"type": "Feature", "geometry": {"type": "Polygon", "coordinates": [[[0.05562, -0.06689], [0.05562, -0.06818], [0.0545, -0.06883], [0.05337, -0.06818], [0.05337, -0.06689], [0.0545, -0.06624], [0.05562, -0.06689], [0.05562, -0.06689]]]}, "properties": {"n": "South Leicestershire", "r": -32, "q": 59, "region": "E12000004", "colour": "#00B6FF", "id": "E14001488"}, "id": "E14001488"}, {"type": "Feature", "geometry": {"type": "Polygon", "coordinates": [[[0.07473, -0.06104], [0.07473, -0.06234], [0.0736, -0.06299], [0.07248, -0.06234], [0.07248, -0.06104], [0.0736, -0.06039], [0.07473, -0.06104], [0.07473, -0.06104]]]}, "properties": {"n": "South Norfolk", "r": -29, "q": 67, "region": "E12000006", "colour": "#FF6700", "id": "E14001489"}, "id": "E14001489"}, {"type": "Feature", "geometry": {"type": "Polygon", "coordinates": [[[0.05674, -0.06883], [0.05674, -0.07013], [0.05562, -0.07078], [0.0545, -0.07013], [0.0545, -0.06883], [0.05562, -0.06818], [0.05674, -0.06883], [0.05674, -0.06883]]]}, "properties": {"n": "South Northamptonshire", "r": -33, "q": 59, "region": "E12000004", "colour": "#00B6FF", "id": "E14001490"}, "id": "E14001490"}, {"type": "Feature", "geometry": {"type": "Polygon", "coordinates": [[[0.03988, -0.04351], [0.03988, -0.0448], [0.03876, -0.04545], [0.03764, -0.0448], [0.03764, -0.04351], [0.03876, -0.04286], [0.03988, -0.04351], [0.03988, -0.04351]]]}, "properties": {"n": "South Ribble", "r": -20, "q": 52, "region": "E12000002", "colour": "#1DD3A7", "id": "E14001491"}, "id": "E14001491"}, {"type": "Feature", "geometry": {"type": "Polygon", "coordinates": [[[0.05337, -0.03182], [0.05337, -0.03311], [0.05225, -0.03376], [0.05112, -0.03311], [0.05112, -0.03182], [0.05225, -0.03117], [0.05337, -0.03182], [0.05337, -0.03182]]]}, "properties": {"n": "South Shields", "r": -14, "q": 58, "region": "E12000001", "colour": "#D60303", "id": "E14001492"}, "id": "E14001492"}, {"type": "Feature", "geometry": {"type": "Polygon", "coordinates": [[[0.03651, -0.06494], [0.03651, -0.06624], [0.03539, -0.06689], [0.03426, -0.06624], [0.03426, -0.06494], [0.03539, -0.06429], [0.03651, -0.06494], [0.03651, -0.06494]]]}, "properties": {"n": "South Shropshire", "r": -31, "q": 50, "region": "E12000005", "colour": "#E6007C", "id": "E14001493"}, "id": "E14001493"}, {"type": "Feature", "geometry": {"type": "Polygon", "coordinates": [[[0.0781, -0.06299], [0.0781, -0.06429], [0.07697, -0.06494], [0.07585, -0.06429], [0.07585, -0.06299], [0.07697, -0.06234], [0.0781, -0.06299], [0.0781, -0.06299]]]}, "properties": {"n": "South Suffolk", "r": -30, "q": 69, "region": "E12000006", "colour": "#FF6700", "id": "E14001494"}, "id": "E14001494"}, {"type": "Feature", "geometry": {"type": "Polygon", "coordinates": [[[0.02977, -0.09221], [0.02977, -0.09351], [0.02865, -0.09416], [0.02752, -0.09351], [0.02752, -0.09221], [0.02865, -0.09157], [0.02977, -0.09221], [0.02977, -0.09221]]]}, "properties": {"n": "South West Devon", "r": -45, "q": 47, "region": "E12000009", "colour": "#178CFF", "id": "E14001495"}, "id": "E14001495"}, {"type": "Feature", "geometry": {"type": "Polygon", "coordinates": [[[0.06124, -0.07273], [0.06124, -0.07403], [0.06012, -0.07468], [0.05899, -0.07403], [0.05899, -0.07273], [0.06012, -0.07208], [0.06124, -0.07273], [0.06124, -0.07273]]]}, "properties": {"n": "South West Hertfordshire", "r": -35, "q": 61, "region": "E12000006", "colour": "#FF6700", "id": "E14001496"}, "id": "E14001496"}, {"type": "Feature", "geometry": {"type": "Polygon", "coordinates": [[[0.07023, -0.06104], [0.07023, -0.06234], [0.06911, -0.06299], [0.06798, -0.06234], [0.06798, -0.06104], [0.06911, -0.06039], [0.07023, -0.06104], [0.07023, -0.06104]]]}, "properties": {"n": "South West Norfolk", "r": -29, "q": 65, "region": "E12000006", "colour": "#FF6700", "id": "E14001497"}, "id": "E14001497"}, {"type": "Feature", "geometry": {"type": "Polygon", "coordinates": [[[0.03876, -0.08442], [0.03876, -0.08572], [0.03764, -0.08637], [0.03651, -0.08572], [0.03651, -0.08442], [0.03764, -0.08377], [0.03876, -0.08442], [0.03876, -0.08442]]]}, "properties": {"n": "South West Wiltshire", "r": -41, "q": 51, "region": "E12000009", "colour": "#178CFF", "id": "E14001498"}, "id": "E14001498"}, {"type": "Feature", "geometry": {"type": "Polygon", "coordinates": [[[0.04663, -0.08637], [0.04663, -0.08767], [0.0455, -0.08832], [0.04438, -0.08767], [0.04438, -0.08637], [0.0455, -0.08572], [0.04663, -0.08637], [0.04663, -0.08637]]]}, "properties": {"n": "Southampton Itchen", "r": -42, "q": 55, "region": "E12000008", "colour": "#67E767", "id": "E14001499"}, "id": "E14001499"}, {"type": "Feature", "geometry": {"type": "Polygon", "coordinates": [[[0.04438, -0.08637], [0.04438, -0.08767], [0.04326, -0.08832], [0.04213, -0.08767], [0.04213, -0.08637], [0.04326, -0.08572], [0.04438, -0.08637], [0.04438, -0.08637]]]}, "properties": {"n": "Southampton Test", "r": -42, "q": 54, "region": "E12000008", "colour": "#67E767", "id": "E14001500"}, "id": "E14001500"}, {"type": "Feature", "geometry": {"type": "Polygon", "coordinates": [[[0.0781, -0.07078], [0.0781, -0.07208], [0.07697, -0.07273], [0.07585, -0.07208], [0.07585, -0.07078], [0.07697, -0.07013], [0.0781, -0.07078], [0.0781, -0.07078]]]}, "properties": {"n": "Southend East and Rochford", "r": -34, "q": 69, "region": "E12000006", "colour": "#FF6700", "id": "E14001501"}, "id": "E14001501"}, {"type": "Feature", "geometry": {"type": "Polygon", "coordinates": [[[0.07697, -0.07273], [0.07697, -0.07403], [0.07585, -0.07468], [0.07473, -0.07403], [0.07473, -0.07273], [0.07585, -0.07208], [0.07697, -0.07273], [0.07697, -0.07273]]]}, "properties": {"n": "Southend West and Leigh", "r": -35, "q": 68, "region": "E12000006", "colour": "#FF6700", "id": "E14001502"}, "id": "E14001502"}, {"type": "Feature", "geometry": {"type": "Polygon", "coordinates": [[[0.06574, -0.07273], [0.06574, -0.07403], [0.06461, -0.07468], [0.06349, -0.07403], [0.06349, -0.07273], [0.06461, -0.07208], [0.06574, -0.07273], [0.06574, -0.07273]]]}, "properties": {"n": "Southgate and Wood Green", "r": -35, "q": 63, "region": "E12000007", "colour": "#D73058", "id": "E14001503"}, "id": "E14001503"}, {"type": "Feature", "geometry": {"type": "Polygon", "coordinates": [[[0.03651, -0.04156], [0.03651, -0.04286], [0.03539, -0.04351], [0.03426, -0.04286], [0.03426, -0.04156], [0.03539, -0.04091], [0.03651, -0.04156], [0.03651, -0.04156]]]}, "properties": {"n": "Southport", "r": -19, "q": 50, "region": "E12000002", "colour": "#1DD3A7", "id": "E14001504"}, "id": "E14001504"}, {"type": "Feature", "geometry": {"type": "Polygon", "coordinates": [[[0.05337, -0.08247], [0.05337, -0.08377], [0.05225, -0.08442], [0.05112, -0.08377], [0.05112, -0.08247], [0.05225, -0.08182], [0.05337, -0.08247], [0.05337, -0.08247]]]}, "properties": {"n": "Spelthorne", "r": -40, "q": 58, "region": "E12000008", "colour": "#67E767", "id": "E14001505"}, "id": "E14001505"}, {"type": "Feature", "geometry": {"type": "Polygon", "coordinates": [[[0.05225, -0.04545], [0.05225, -0.04675], [0.05112, -0.0474], [0.05, -0.04675], [0.05, -0.04545], [0.05112, -0.0448], [0.05225, -0.04545], [0.05225, -0.04545]]]}, "properties": {"n": "Spen Valley", "r": -21, "q": 57, "region": "E12000003", "colour": "#F9BC26", "id": "E14001506"}, "id": "E14001506"}, {"type": "Feature", "geometry": {"type": "Polygon", "coordinates": [[[0.06911, -0.07078], [0.06911, -0.07208], [0.06798, -0.07273], [0.06686, -0.07208], [0.06686, -0.07078], [0.06798, -0.07013], [0.06911, -0.07078], [0.06911, -0.07078]]]}, "properties": {"n": "St Albans", "r": -34, "q": 65, "region": "E12000006", "colour": "#FF6700", "id": "E14001507"}, "id": "E14001507"}, {"type": "Feature", "geometry": {"type": "Polygon", "coordinates": [[[0.02415, -0.09027], [0.02415, -0.09157], [0.02303, -0.09221], [0.0219, -0.09157], [0.0219, -0.09027], [0.02303, -0.08962], [0.02415, -0.09027], [0.02415, -0.09027]]]}, "properties": {"n": "St Austell and Newquay", "r": -44, "q": 45, "region": "E12000009", "colour": "#178CFF", "id": "E14001508"}, "id": "E14001508"}, {"type": "Feature", "geometry": {"type": "Polygon", "coordinates": [[[0.03651, -0.04545], [0.03651, -0.04675], [0.03539, -0.0474], [0.03426, -0.04675], [0.03426, -0.04545], [0.03539, -0.0448], [0.03651, -0.04545], [0.03651, -0.04545]]]}, "properties": {"n": "St Helens North", "r": -21, "q": 50, "region": "E12000002", "colour": "#1DD3A7", "id": "E14001509"}, "id": "E14001509"}, {"type": "Feature", "geometry": {"type": "Polygon", "coordinates": [[[0.03539, -0.0474], [0.03539, -0.0487], [0.03426, -0.04935], [0.03314, -0.0487], [0.03314, -0.0474], [0.03426, -0.04675], [0.03539, -0.0474], [0.03539, -0.0474]]]}, "properties": {"n": "St Helens South and Whiston", "r": -22, "q": 50, "region": "E12000002", "colour": "#1DD3A7", "id": "E14001510"}, "id": "E14001510"}, {"type": "Feature", "geometry": {"type": "Polygon", "coordinates": [[[0.01965, -0.09416], [0.01965, -0.09546], [0.01853, -0.09611], [0.01741, -0.09546], [0.01741, -0.09416], [0.01853, -0.09351], [0.01965, -0.09416], [0.01965, -0.09416]]]}, "properties": {"n": "St Ives", "r": -46, "q": 43, "region": "E12000009", "colour": "#178CFF", "id": "E14001511"}, "id": "E14001511"}, {"type": "Feature", "geometry": {"type": "Polygon", "coordinates": [[[0.06798, -0.06494], [0.06798, -0.06624], [0.06686, -0.06689], [0.06574, -0.06624], [0.06574, -0.06494], [0.06686, -0.06429], [0.06798, -0.06494], [0.06798, -0.06494]]]}, "properties": {"n": "St Neots and Mid Cambridgeshire", "r": -31, "q": 64, "region": "E12000006", "colour": "#FF6700", "id": "E14001512"}, "id": "E14001512"}, {"type": "Feature", "geometry": {"type": "Polygon", "coordinates": [[[0.04438, -0.05909], [0.04438, -0.06039], [0.04326, -0.06104], [0.04213, -0.06039], [0.04213, -0.05909], [0.04326, -0.05844], [0.04438, -0.05909], [0.04438, -0.05909]]]}, "properties": {"n": "Stafford", "r": -28, "q": 54, "region": "E12000005", "colour": "#E6007C", "id": "E14001513"}, "id": "E14001513"}, {"type": "Feature", "geometry": {"type": "Polygon", "coordinates": [[[0.05, -0.05714], [0.05, -0.05844], [0.04888, -0.05909], [0.04775, -0.05844], [0.04775, -0.05714], [0.04888, -0.05649], [0.05, -0.05714], [0.05, -0.05714]]]}, "properties": {"n": "Staffordshire Moorlands", "r": -27, "q": 56, "region": "E12000005", "colour": "#E6007C", "id": "E14001514"}, "id": "E14001514"}, {"type": "Feature", "geometry": {"type": "Polygon", "coordinates": [[[0.04888, -0.0513], [0.04888, -0.0526], [0.04775, -0.05325], [0.04663, -0.0526], [0.04663, -0.0513], [0.04775, -0.05065], [0.04888, -0.0513], [0.04888, -0.0513]]]}, "properties": {"n": "Stalybridge and Hyde", "r": -24, "q": 56, "region": "E12000002", "colour": "#1DD3A7", "id": "E14001515"}, "id": "E14001515"}, {"type": "Feature", "geometry": {"type": "Polygon", "coordinates": [[[0.06798, -0.06883], [0.06798, -0.07013], [0.06686, -0.07078], [0.06574, -0.07013], [0.06574, -0.06883], [0.06686, -0.06818], [0.06798, -0.06883], [0.06798, -0.06883]]]}, "properties": {"n": "Stevenage", "r": -33, "q": 64, "region": "E12000006", "colour": "#FF6700", "id": "E14001516"}, "id": "E14001516"}, {"type": "Feature", "geometry": {"type": "Polygon", "coordinates": [[[0.0455, -0.05325], [0.0455, -0.05455], [0.04438, -0.0552], [0.04326, -0.05455], [0.04326, -0.05325], [0.04438, -0.0526], [0.0455, -0.05325], [0.0455, -0.05325]]]}, "properties": {"n": "Stockport", "r": -25, "q": 54, "region": "E12000002", "colour": "#1DD3A7", "id": "E14001517"}, "id": "E14001517"}, {"type": "Feature", "geometry": {"type": "Polygon", "coordinates": [[[0.05337, -0.03571], [0.05337, -0.03701], [0.05225, -0.03766], [0.05112, -0.03701], [0.05112, -0.03571], [0.05225, -0.03506], [0.05337, -0.03571], [0.05337, -0.03571]]]}, "properties": {"n": "Stockton North", "r": -16, "q": 58, "region": "E12000001", "colour": "#D60303", "id": "E14001518"}, "id": "E14001518"}, {"type": "Feature", "geometry": {"type": "Polygon", "coordinates": [[[0.05, -0.03766], [0.05, -0.03896], [0.04888, -0.03961], [0.04775, -0.03896], [0.04775, -0.03766], [0.04888, -0.03701], [0.05, -0.03766], [0.05, -0.03766]]]}, "properties": {"n": "Stockton West", "r": -17, "q": 56, "region": "E12000001", "colour": "#D60303", "id": "E14001519"}, "id": "E14001519"}, {"type": "Feature", "geometry": {"type": "Polygon", "coordinates": [[[0.04663, -0.05909], [0.04663, -0.06039], [0.0455, -0.06104], [0.04438, -0.06039], [0.04438, -0.05909], [0.0455, -0.05844], [0.04663, -0.05909], [0.04663, -0.05909]]]}, "properties": {"n": "Stoke-on-Trent Central", "r": -28, "q": 55, "region": "E12000005", "colour": "#E6007C", "id": "E14001520"}, "id": "E14001520"}, {"type": "Feature", "geometry": {"type": "Polygon", "coordinates": [[[0.04775, -0.05714], [0.04775, -0.05844], [0.04663, -0.05909], [0.0455, -0.05844], [0.0455, -0.05714], [0.04663, -0.05649], [0.04775, -0.05714], [0.04775, -0.05714]]]}, "properties": {"n": "Stoke-on-Trent North", "r": -27, "q": 55, "region": "E12000005", "colour": "#E6007C", "id": "E14001521"}, "id": "E14001521"}, {"type": "Feature", "geometry": {"type": "Polygon", "coordinates": [[[0.04775, -0.06104], [0.04775, -0.06234], [0.04663, -0.06299], [0.0455, -0.06234], [0.0455, -0.06104], [0.04663, -0.06039], [0.04775, -0.06104], [0.04775, -0.06104]]]}, "properties": {"n": "Stoke-on-Trent South", "r": -29, "q": 55, "region": "E12000005", "colour": "#E6007C", "id": "E14001522"}, "id": "E14001522"}, {"type": "Feature", "geometry": {"type": "Polygon", "coordinates": [[[0.04213, -0.05909], [0.04213, -0.06039], [0.04101, -0.06104], [0.03988, -0.06039], [0.03988, -0.05909], [0.04101, -0.05844], [0.04213, -0.05909], [0.04213, -0.05909]]]}, "properties": {"n": "Stone, Great Wyrley and Penkridge", "r": -28, "q": 53, "region": "E12000005", "colour": "#E6007C", "id": "E14001523"}, "id": "E14001523"}, {"type": "Feature", "geometry": {"type": "Polygon", "coordinates": [[[0.03764, -0.06689], [0.03764, -0.06818], [0.03651, -0.06883], [0.03539, -0.06818], [0.03539, -0.06689], [0.03651, -0.06624], [0.03764, -0.06689], [0.03764, -0.06689]]]}, "properties": {"n": "Stourbridge", "r": -32, "q": 51, "region": "E12000005", "colour": "#E6007C", "id": "E14001524"}, "id": "E14001524"}, {"type": "Feature", "geometry": {"type": "Polygon", "coordinates": [[[0.06911, -0.07858], [0.06911, -0.07987], [0.06798, -0.08052], [0.06686, -0.07987], [0.06686, -0.07858], [0.06798, -0.07793], [0.06911, -0.07858], [0.06911, -0.07858]]]}, "properties": {"n": "Stratford and Bow", "r": -38, "q": 65, "region": "E12000007", "colour": "#D73058", "id": "E14001525"}, "id": "E14001525"}, {"type": "Feature", "geometry": {"type": "Polygon", "coordinates": [[[0.0455, -0.07273], [0.0455, -0.07403], [0.04438, -0.07468], [0.04326, -0.07403], [0.04326, -0.07273], [0.04438, -0.07208], [0.0455, -0.07273], [0.0455, -0.07273]]]}, "properties": {"n": "Stratford-on-Avon", "r": -35, "q": 54, "region": "E12000005", "colour": "#E6007C", "id": "E14001526"}, "id": "E14001526"}, {"type": "Feature", "geometry": {"type": "Polygon", "coordinates": [[[0.06686, -0.08637], [0.06686, -0.08767], [0.06574, -0.08832], [0.06461, -0.08767], [0.06461, -0.08637], [0.06574, -0.08572], [0.06686, -0.08637], [0.06686, -0.08637]]]}, "properties": {"n": "Streatham and Croydon North", "r": -42, "q": 64, "region": "E12000007", "colour": "#D73058", "id": "E14001527"}, "id": "E14001527"}, {"type": "Feature", "geometry": {"type": "Polygon", "coordinates": [[[0.03988, -0.0513], [0.03988, -0.0526], [0.03876, -0.05325], [0.03764, -0.0526], [0.03764, -0.0513], [0.03876, -0.05065], [0.03988, -0.0513], [0.03988, -0.0513]]]}, "properties": {"n": "Stretford and Urmston", "r": -24, "q": 52, "region": "E12000002", "colour": "#1DD3A7", "id": "E14001528"}, "id": "E14001528"}, {"type": "Feature", "geometry": {"type": "Polygon", "coordinates": [[[0.04101, -0.07663], [0.04101, -0.07793], [0.03988, -0.07858], [0.03876, -0.07793], [0.03876, -0.07663], [0.03988, -0.07598], [0.04101, -0.07663], [0.04101, -0.07663]]]}, "properties": {"n": "Stroud", "r": -37, "q": 52, "region": "E12000009", "colour": "#178CFF", "id": "E14001529"}, "id": "E14001529"}, {"type": "Feature", "geometry": {"type": "Polygon", "coordinates": [[[0.07922, -0.06104], [0.07922, -0.06234], [0.0781, -0.06299], [0.07697, -0.06234], [0.07697, -0.06104], [0.0781, -0.06039], [0.07922, -0.06104], [0.07922, -0.06104]]]}, "properties": {"n": "Suffolk Coastal", "r": -29, "q": 69, "region": "E12000006", "colour": "#FF6700", "id": "E14001530"}, "id": "E14001530"}, {"type": "Feature", "geometry": {"type": "Polygon", "coordinates": [[[0.0545, -0.03376], [0.0545, -0.03506], [0.05337, -0.03571], [0.05225, -0.03506], [0.05225, -0.03376], [0.05337, -0.03311], [0.0545, -0.03376], [0.0545, -0.03376]]]}, "properties": {"n": "Sunderland Central", "r": -15, "q": 58, "region": "E12000001", "colour": "#D60303", "id": "E14001531"}, "id": "E14001531"}, {"type": "Feature", "geometry": {"type": "Polygon", "coordinates": [[[0.05225, -0.08052], [0.05225, -0.08182], [0.05112, -0.08247], [0.05, -0.08182], [0.05, -0.08052], [0.05112, -0.07987], [0.05225, -0.08052], [0.05225, -0.08052]]]}, "properties": {"n": "Surrey Heath", "r": -39, "q": 57, "region": "E12000008", "colour": "#67E767", "id": "E14001532"}, "id": "E14001532"}, {"type": "Feature", "geometry": {"type": "Polygon", "coordinates": [[[0.08035, -0.08637], [0.08035, -0.08767], [0.07922, -0.08832], [0.0781, -0.08767], [0.0781, -0.08637], [0.07922, -0.08572], [0.08035, -0.08637], [0.08035, -0.08637]]]}, "properties": {"n": "Sussex Weald", "r": -42, "q": 70, "region": "E12000008", "colour": "#67E767", "id": "E14001533"}, "id": "E14001533"}, {"type": "Feature", "geometry": {"type": "Polygon", "coordinates": [[[0.05787, -0.08637], [0.05787, -0.08767], [0.05674, -0.08832], [0.05562, -0.08767], [0.05562, -0.08637], [0.05674, -0.08572], [0.05787, -0.08637], [0.05787, -0.08637]]]}, "properties": {"n": "Sutton and Cheam", "r": -42, "q": 60, "region": "E12000007", "colour": "#D73058", "id": "E14001534"}, "id": "E14001534"}, {"type": "Feature", "geometry": {"type": "Polygon", "coordinates": [[[0.05, -0.06494], [0.05, -0.06624], [0.04888, -0.06689], [0.04775, -0.06624], [0.04775, -0.06494], [0.04888, -0.06429], [0.05, -0.06494], [0.05, -0.06494]]]}, "properties": {"n": "Sutton Coldfield", "r": -31, "q": 56, "region": "E12000005", "colour": "#E6007C", "id": "E14001535"}, "id": "E14001535"}, {"type": "Feature", "geometry": {"type": "Polygon", "coordinates": [[[0.04326, -0.08052], [0.04326, -0.08182], [0.04213, -0.08247], [0.04101, -0.08182], [0.04101, -0.08052], [0.04213, -0.07987], [0.04326, -0.08052], [0.04326, -0.08052]]]}, "properties": {"n": "Swindon North", "r": -39, "q": 53, "region": "E12000009", "colour": "#178CFF", "id": "E14001536"}, "id": "E14001536"}, {"type": "Feature", "geometry": {"type": "Polygon", "coordinates": [[[0.04213, -0.08247], [0.04213, -0.08377], [0.04101, -0.08442], [0.03988, -0.08377], [0.03988, -0.08247], [0.04101, -0.08182], [0.04213, -0.08247], [0.04213, -0.08247]]]}, "properties": {"n": "Swindon South", "r": -40, "q": 53, "region": "E12000009", "colour": "#178CFF", "id": "E14001537"}, "id": "E14001537"}, {"type": "Feature", "geometry": {"type": "Polygon", "coordinates": [[[0.05112, -0.06299], [0.05112, -0.06429], [0.05, -0.06494], [0.04888, -0.06429], [0.04888, -0.06299], [0.05, -0.06234], [0.05112, -0.06299], [0.05112, -0.06299]]]}, "properties": {"n": "Tamworth", "r": -30, "q": 57, "region": "E12000005", "colour": "#E6007C", "id": "E14001538"}, "id": "E14001538"}, {"type": "Feature", "geometry": {"type": "Polygon", "coordinates": [[[0.03988, -0.0552], [0.03988, -0.05649], [0.03876, -0.05714], [0.03764, -0.05649], [0.03764, -0.0552], [0.03876, -0.05455], [0.03988, -0.0552], [0.03988, -0.0552]]]}, "properties": {"n": "Tatton", "r": -26, "q": 52, "region": "E12000002", "colour": "#1DD3A7", "id": "E14001539"}, "id": "E14001539"}, {"type": "Feature", "geometry": {"type": "Polygon", "coordinates": [[[0.03314, -0.08637], [0.03314, -0.08767], [0.03202, -0.08832], [0.03089, -0.08767], [0.03089, -0.08637], [0.03202, -0.08572], [0.03314, -0.08637], [0.03314, -0.08637]]]}, "properties": {"n": "Taunton and Wellington", "r": -42, "q": 49, "region": "E12000009", "colour": "#178CFF", "id": "E14001540"}, "id": "E14001540"}, {"type": "Feature", "geometry": {"type": "Polygon", "coordinates": [[[0.04101, -0.06104], [0.04101, -0.06234], [0.03988, -0.06299], [0.03876, -0.06234], [0.03876, -0.06104], [0.03988, -0.06039], [0.04101, -0.06104], [0.04101, -0.06104]]]}, "properties": {"n": "Telford", "r": -29, "q": 52, "region": "E12000005", "colour": "#E6007C", "id": "E14001541"}, "id": "E14001541"}, {"type": "Feature", "geometry": {"type": "Polygon", "coordinates": [[[0.04213, -0.07468], [0.04213, -0.07598], [0.04101, -0.07663], [0.03988, -0.07598], [0.03988, -0.07468], [0.04101, -0.07403], [0.04213, -0.07468], [0.04213, -0.07468]]]}, "properties": {"n": "Tewkesbury", "r": -36, "q": 53, "region": "E12000009", "colour": "#178CFF", "id": "E14001542"}, "id": "E14001542"}, {"type": "Feature", "geometry": {"type": "Polygon", "coordinates": [[[0.03876, -0.06104], [0.03876, -0.06234], [0.03764, -0.06299], [0.03651, -0.06234], [0.03651, -0.06104], [0.03764, -0.06039], [0.03876, -0.06104], [0.03876, -0.06104]]]}, "properties": {"n": "The Wrekin", "r": -29, "q": 51, "region": "E12000005", "colour": "#E6007C", "id": "E14001543"}, "id": "E14001543"}, {"type": "Feature", "geometry": {"type": "Polygon", "coordinates": [[[0.05787, -0.03961], [0.05787, -0.04091], [0.05674, -0.04156], [0.05562, -0.04091], [0.05562, -0.03961], [0.05674, -0.03896], [0.05787, -0.03961], [0.05787, -0.03961]]]}, "properties": {"n": "Thirsk and Malton", "r": -18, "q": 60, "region": "E12000003", "colour": "#F9BC26", "id": "E14001544"}, "id": "E14001544"}, {"type": "Feature", "geometry": {"type": "Polygon", "coordinates": [[[0.03764, -0.07468], [0.03764, -0.07598], [0.03651, -0.07663], [0.03539, -0.07598], [0.03539, -0.07468], [0.03651, -0.07403], [0.03764, -0.07468], [0.03764, -0.07468]]]}, "properties": {"n": "Thornbury and Yate", "r": -36, "q": 51, "region": "E12000009", "colour": "#178CFF", "id": "E14001545"}, "id": "E14001545"}, {"type": "Feature", "geometry": {"type": "Polygon", "coordinates": [[[0.0736, -0.07468], [0.0736, -0.07598], [0.07248, -0.07663], [0.07135, -0.07598], [0.07135, -0.07468], [0.07248, -0.07403], [0.0736, -0.07468], [0.0736, -0.07468]]]}, "properties": {"n": "Thurrock", "r": -36, "q": 67, "region": "E12000006", "colour": "#FF6700", "id": "E14001546"}, "id": "E14001546"}, {"type": "Feature", "geometry": {"type": "Polygon", "coordinates": [[[0.04101, -0.06494], [0.04101, -0.06624], [0.03988, -0.06689], [0.03876, -0.06624], [0.03876, -0.06494], [0.03988, -0.06429], [0.04101, -0.06494], [0.04101, -0.06494]]]}, "properties": {"n": "Tipton and Wednesbury", "r": -31, "q": 52, "region": "E12000005", "colour": "#E6007C", "id": "E14001547"}, "id": "E14001547"}, {"type": "Feature", "geometry": {"type": "Polygon", "coordinates": [[[0.02977, -0.08442], [0.02977, -0.08572], [0.02865, -0.08637], [0.02752, -0.08572], [0.02752, -0.08442], [0.02865, -0.08377], [0.02977, -0.08442], [0.02977, -0.08442]]]}, "properties": {"n": "Tiverton and Minehead", "r": -41, "q": 47, "region": "E12000009", "colour": "#178CFF", "id": "E14001548"}, "id": "E14001548"}, {"type": "Feature", "geometry": {"type": "Polygon", "coordinates": [[[0.07697, -0.08442], [0.07697, -0.08572], [0.07585, -0.08637], [0.07473, -0.08572], [0.07473, -0.08442], [0.07585, -0.08377], [0.07697, -0.08442], [0.07697, -0.08442]]]}, "properties": {"n": "Tonbridge", "r": -41, "q": 68, "region": "E12000008", "colour": "#67E767", "id": "E14001549"}, "id": "E14001549"}, {"type": "Feature", "geometry": {"type": "Polygon", "coordinates": [[[0.06012, -0.08637], [0.06012, -0.08767], [0.05899, -0.08832], [0.05787, -0.08767], [0.05787, -0.08637], [0.05899, -0.08572], [0.06012, -0.08637], [0.06012, -0.08637]]]}, "properties": {"n": "Tooting", "r": -42, "q": 61, "region": "E12000007", "colour": "#D73058", "id": "E14001550"}, "id": "E14001550"}, {"type": "Feature", "geometry": {"type": "Polygon", "coordinates": [[[0.03089, -0.09027], [0.03089, -0.09157], [0.02977, -0.09221], [0.02865, -0.09157], [0.02865, -0.09027], [0.02977, -0.08962], [0.03089, -0.09027], [0.03089, -0.09027]]]}, "properties": {"n": "Torbay", "r": -44, "q": 48, "region": "E12000009", "colour": "#178CFF", "id": "E14001551"}, "id": "E14001551"}, {"type": "Feature", "geometry": {"type": "Polygon", "coordinates": [[[0.0264, -0.08637], [0.0264, -0.08767], [0.02527, -0.08832], [0.02415, -0.08767], [0.02415, -0.08637], [0.02527, -0.08572], [0.0264, -0.08637], [0.0264, -0.08637]]]}, "properties": {"n": "Torridge and Tavistock", "r": -42, "q": 46, "region": "E12000009", "colour": "#178CFF", "id": "E14001552"}, "id": "E14001552"}, {"type": "Feature", "geometry": {"type": "Polygon", "coordinates": [[[0.06349, -0.07663], [0.06349, -0.07793], [0.06236, -0.07858], [0.06124, -0.07793], [0.06124, -0.07663], [0.06236, -0.07598], [0.06349, -0.07663], [0.06349, -0.07663]]]}, "properties": {"n": "Tottenham", "r": -37, "q": 62, "region": "E12000007", "colour": "#D73058", "id": "E14001553"}, "id": "E14001553"}, {"type": "Feature", "geometry": {"type": "Polygon", "coordinates": [[[0.02303, -0.09221], [0.02303, -0.09351], [0.0219, -0.09416], [0.02078, -0.09351], [0.02078, -0.09221], [0.0219, -0.09157], [0.02303, -0.09221], [0.02303, -0.09221]]]}, "properties": {"n": "Truro and Falmouth", "r": -45, "q": 44, "region": "E12000009", "colour": "#178CFF", "id": "E14001554"}, "id": "E14001554"}, {"type": "Feature", "geometry": {"type": "Polygon", "coordinates": [[[0.0781, -0.08637], [0.0781, -0.08767], [0.07697, -0.08832], [0.07585, -0.08767], [0.07585, -0.08637], [0.07697, -0.08572], [0.0781, -0.08637], [0.0781, -0.08637]]]}, "properties": {"n": "Tunbridge Wells", "r": -42, "q": 69, "region": "E12000008", "colour": "#67E767", "id": "E14001555"}, "id": "E14001555"}, {"type": "Feature", "geometry": {"type": "Polygon", "coordinates": [[[0.0545, -0.08442], [0.0545, -0.08572], [0.05337, -0.08637], [0.05225, -0.08572], [0.05225, -0.08442], [0.05337, -0.08377], [0.0545, -0.08442], [0.0545, -0.08442]]]}, "properties": {"n": "Twickenham", "r": -41, "q": 58, "region": "E12000007", "colour": "#D73058", "id": "E14001556"}, "id": "E14001556"}, {"type": "Feature", "geometry": {"type": "Polygon", "coordinates": [[[0.05, -0.02987], [0.05, -0.03117], [0.04888, -0.03182], [0.04775, -0.03117], [0.04775, -0.02987], [0.04888, -0.02922], [0.05, -0.02987], [0.05, -0.02987]]]}, "properties": {"n": "Tynemouth", "r": -13, "q": 56, "region": "E12000001", "colour": "#D60303", "id": "E14001557"}, "id": "E14001557"}, {"type": "Feature", "geometry": {"type": "Polygon", "coordinates": [[[0.0545, -0.07663], [0.0545, -0.07793], [0.05337, -0.07858], [0.05225, -0.07793], [0.05225, -0.07663], [0.05337, -0.07598], [0.0545, -0.07663], [0.0545, -0.07663]]]}, "properties": {"n": "Uxbridge and South Ruislip", "r": -37, "q": 58, "region": "E12000007", "colour": "#D73058", "id": "E14001558"}, "id": "E14001558"}, {"type": "Feature", "geometry": {"type": "Polygon", "coordinates": [[[0.06574, -0.08442], [0.06574, -0.08572], [0.06461, -0.08637], [0.06349, -0.08572], [0.06349, -0.08442], [0.06461, -0.08377], [0.06574, -0.08442], [0.06574, -0.08442]]]}, "properties": {"n": "Vauxhall and Camberwell Green", "r": -41, "q": 63, "region": "E12000007", "colour": "#D73058", "id": "E14001559"}, "id": "E14001559"}, {"type": "Feature", "geometry": {"type": "Polygon", "coordinates": [[[0.05562, -0.0474], [0.05562, -0.0487], [0.0545, -0.04935], [0.05337, -0.0487], [0.05337, -0.0474], [0.0545, -0.04675], [0.05562, -0.0474], [0.05562, -0.0474]]]}, "properties": {"n": "Wakefield and Rothwell", "r": -22, "q": 59, "region": "E12000003", "colour": "#F9BC26", "id": "E14001560"}, "id": "E14001560"}, {"type": "Feature", "geometry": {"type": "Polygon", "coordinates": [[[0.03202, -0.05714], [0.03202, -0.05844], [0.03089, -0.05909], [0.02977, -0.05844], [0.02977, -0.05714], [0.03089, -0.05649], [0.03202, -0.05714], [0.03202, -0.05714]]]}, "properties": {"n": "Wallasey", "r": -27, "q": 48, "region": "E12000002", "colour": "#1DD3A7", "id": "E14001561"}, "id": "E14001561"}, {"type": "Feature", "geometry": {"type": "Polygon", "coordinates": [[[0.04663, -0.06299], [0.04663, -0.06429], [0.0455, -0.06494], [0.04438, -0.06429], [0.04438, -0.06299], [0.0455, -0.06234], [0.04663, -0.06299], [0.04663, -0.06299]]]}, "properties": {"n": "Walsall and Bloxwich", "r": -30, "q": 55, "region": "E12000005", "colour": "#E6007C", "id": "E14001562"}, "id": "E14001562"}, {"type": "Feature", "geometry": {"type": "Polygon", "coordinates": [[[0.06574, -0.07663], [0.06574, -0.07793], [0.06461, -0.07858], [0.06349, -0.07793], [0.06349, -0.07663], [0.06461, -0.07598], [0.06574, -0.07663], [0.06574, -0.07663]]]}, "properties": {"n": "Walthamstow", "r": -37, "q": 63, "region": "E12000007", "colour": "#D73058", "id": "E14001563"}, "id": "E14001563"}, {"type": "Feature", "geometry": {"type": "Polygon", "coordinates": [[[0.03876, -0.04935], [0.03876, -0.05065], [0.03764, -0.0513], [0.03651, -0.05065], [0.03651, -0.04935], [0.03764, -0.0487], [0.03876, -0.04935], [0.03876, -0.04935]]]}, "properties": {"n": "Warrington North", "r": -23, "q": 51, "region": "E12000002", "colour": "#1DD3A7", "id": "E14001564"}, "id": "E14001564"}, {"type": "Feature", "geometry": {"type": "Polygon", "coordinates": [[[0.03764, -0.0513], [0.03764, -0.0526], [0.03651, -0.05325], [0.03539, -0.0526], [0.03539, -0.0513], [0.03651, -0.05065], [0.03764, -0.0513], [0.03764, -0.0513]]]}, "properties": {"n": "Warrington South", "r": -24, "q": 51, "region": "E12000002", "colour": "#1DD3A7", "id": "E14001565"}, "id": "E14001565"}, {"type": "Feature", "geometry": {"type": "Polygon", "coordinates": [[[0.04775, -0.07273], [0.04775, -0.07403], [0.04663, -0.07468], [0.0455, -0.07403], [0.0455, -0.07273], [0.04663, -0.07208], [0.04775, -0.07273], [0.04775, -0.07273]]]}, "properties": {"n": "Warwick and Leamington", "r": -35, "q": 55, "region": "E12000005", "colour": "#E6007C", "id": "E14001566"}, "id": "E14001566"}, {"type": "Feature", "geometry": {"type": "Polygon", "coordinates": [[[0.04775, -0.03376], [0.04775, -0.03506], [0.04663, -0.03571], [0.0455, -0.03506], [0.0455, -0.03376], [0.04663, -0.03311], [0.04775, -0.03376], [0.04775, -0.03376]]]}, "properties": {"n": "Washington and Gateshead South", "r": -15, "q": 55, "region": "E12000001", "colour": "#D60303", "id": "E14001567"}, "id": "E14001567"}, {"type": "Feature", "geometry": {"type": "Polygon", "coordinates": [[[0.07023, -0.07273], [0.07023, -0.07403], [0.06911, -0.07468], [0.06798, -0.07403], [0.06798, -0.07273], [0.06911, -0.07208], [0.07023, -0.07273], [0.07023, -0.07273]]]}, "properties": {"n": "Watford", "r": -35, "q": 65, "region": "E12000006", "colour": "#FF6700", "id": "E14001568"}, "id": "E14001568"}, {"type": "Feature", "geometry": {"type": "Polygon", "coordinates": [[[0.0736, -0.05909], [0.0736, -0.06039], [0.07248, -0.06104], [0.07135, -0.06039], [0.07135, -0.05909], [0.07248, -0.05844], [0.0736, -0.05909], [0.0736, -0.05909]]]}, "properties": {"n": "Waveney Valley", "r": -28, "q": 67, "region": "E12000006", "colour": "#FF6700", "id": "E14001569"}, "id": "E14001569"}, {"type": "Feature", "geometry": {"type": "Polygon", "coordinates": [[[0.08147, -0.08442], [0.08147, -0.08572], [0.08035, -0.08637], [0.07922, -0.08572], [0.07922, -0.08442], [0.08035, -0.08377], [0.08147, -0.08442], [0.08147, -0.08442]]]}, "properties": {"n": "Weald of Kent", "r": -41, "q": 70, "region": "E12000008", "colour": "#67E767", "id": "E14001570"}, "id": "E14001570"}, {"type": "Feature", "geometry": {"type": "Polygon", "coordinates": [[[0.06461, -0.06299], [0.06461, -0.06429], [0.06349, -0.06494], [0.06236, -0.06429], [0.06236, -0.06299], [0.06349, -0.06234], [0.06461, -0.06299], [0.06461, -0.06299]]]}, "properties": {"n": "Wellingborough and Rushden", "r": -30, "q": 63, "region": "E12000004", "colour": "#00B6FF", "id": "E14001571"}, "id": "E14001571"}, {"type": "Feature", "geometry": {"type": "Polygon", "coordinates": [[[0.03539, -0.08247], [0.03539, -0.08377], [0.03426, -0.08442], [0.03314, -0.08377], [0.03314, -0.08247], [0.03426, -0.08182], [0.03539, -0.08247], [0.03539, -0.08247]]]}, "properties": {"n": "Wells and Mendip Hills", "r": -40, "q": 50, "region": "E12000009", "colour": "#178CFF", "id": "E14001572"}, "id": "E14001572"}, {"type": "Feature", "geometry": {"type": "Polygon", "coordinates": [[[0.07023, -0.06883], [0.07023, -0.07013], [0.06911, -0.07078], [0.06798, -0.07013], [0.06798, -0.06883], [0.06911, -0.06818], [0.07023, -0.06883], [0.07023, -0.06883]]]}, "properties": {"n": "Welwyn Hatfield", "r": -33, "q": 65, "region": "E12000006", "colour": "#FF6700", "id": "E14001573"}, "id": "E14001573"}, {"type": "Feature", "geometry": {"type": "Polygon", "coordinates": [[[0.03988, -0.06689], [0.03988, -0.06818], [0.03876, -0.06883], [0.03764, -0.06818], [0.03764, -0.06689], [0.03876, -0.06624], [0.03988, -0.06689], [0.03988, -0.06689]]]}, "properties": {"n": "West Bromwich", "r": -32, "q": 52, "region": "E12000005", "colour": "#E6007C", "id": "E14001574"}, "id": "E14001574"}, {"type": "Feature", "geometry": {"type": "Polygon", "coordinates": [[[0.03539, -0.09027], [0.03539, -0.09157], [0.03426, -0.09221], [0.03314, -0.09157], [0.03314, -0.09027], [0.03426, -0.08962], [0.03539, -0.09027], [0.03539, -0.09027]]]}, "properties": {"n": "West Dorset", "r": -44, "q": 50, "region": "E12000009", "colour": "#178CFF", "id": "E14001575"}, "id": "E14001575"}, {"type": "Feature", "geometry": {"type": "Polygon", "coordinates": [[[0.07135, -0.07858], [0.07135, -0.07987], [0.07023, -0.08052], [0.06911, -0.07987], [0.06911, -0.07858], [0.07023, -0.07793], [0.07135, -0.07858], [0.07135, -0.07858]]]}, "properties": {"n": "West Ham and Beckton", "r": -38, "q": 66, "region": "E12000007", "colour": "#D73058", "id": "E14001576"}, "id": "E14001576"}, {"type": "Feature", "geometry": {"type": "Polygon", "coordinates": [[[0.03426, -0.04545], [0.03426, -0.04675], [0.03314, -0.0474], [0.03202, -0.04675], [0.03202, -0.04545], [0.03314, -0.0448], [0.03426, -0.04545], [0.03426, -0.04545]]]}, "properties": {"n": "West Lancashire", "r": -21, "q": 49, "region": "E12000002", "colour": "#1DD3A7", "id": "E14001577"}, "id": "E14001577"}, {"type": "Feature", "geometry": {"type": "Polygon", "coordinates": [[[0.0736, -0.06299], [0.0736, -0.06429], [0.07248, -0.06494], [0.07135, -0.06429], [0.07135, -0.06299], [0.07248, -0.06234], [0.0736, -0.06299], [0.0736, -0.06299]]]}, "properties": {"n": "West Suffolk", "r": -30, "q": 67, "region": "E12000006", "colour": "#FF6700", "id": "E14001578"}, "id": "E14001578"}, {"type": "Feature", "geometry": {"type": "Polygon", "coordinates": [[[0.04101, -0.07273], [0.04101, -0.07403], [0.03988, -0.07468], [0.03876, -0.07403], [0.03876, -0.07273], [0.03988, -0.07208], [0.04101, -0.07273], [0.04101, -0.07273]]]}, "properties": {"n": "West Worcestershire", "r": -35, "q": 52, "region": "E12000005", "colour": "#E6007C", "id": "E14001579"}, "id": "E14001579"}, {"type": "Feature", "geometry": {"type": "Polygon", "coordinates": [[[0.04326, -0.03376], [0.04326, -0.03506], [0.04213, -0.03571], [0.04101, -0.03506], [0.04101, -0.03376], [0.04213, -0.03311], [0.04326, -0.03376], [0.04326, -0.03376]]]}, "properties": {"n": "Westmorland and Lonsdale", "r": -15, "q": 53, "region": "E12000002", "colour": "#1DD3A7", "id": "E14001580"}, "id": "E14001580"}, {"type": "Feature", "geometry": {"type": "Polygon", "coordinates": [[[0.03314, -0.08247], [0.03314, -0.08377], [0.03202, -0.08442], [0.03089, -0.08377], [0.03089, -0.08247], [0.03202, -0.08182], [0.03314, -0.08247], [0.03314, -0.08247]]]}, "properties": {"n": "Weston-super-Mare", "r": -40, "q": 49, "region": "E12000009", "colour": "#178CFF", "id": "E14001581"}, "id": "E14001581"}, {"type": "Feature", "geometry": {"type": "Polygon", "coordinates": [[[0.06236, -0.04351], [0.06236, -0.0448], [0.06124, -0.04545], [0.06012, -0.0448], [0.06012, -0.04351], [0.06124, -0.04286], [0.06236, -0.04351], [0.06236, -0.04351]]]}, "properties": {"n": "Wetherby and Easingwold", "r": -20, "q": 62, "region": "E12000003", "colour": "#F9BC26", "id": "E14001582"}, "id": "E14001582"}, {"type": "Feature", "geometry": {"type": "Polygon", "coordinates": [[[0.04213, -0.03571], [0.04213, -0.03701], [0.04101, -0.03766], [0.03988, -0.03701], [0.03988, -0.03571], [0.04101, -0.03506], [0.04213, -0.03571], [0.04213, -0.03571]]]}, "properties": {"n": "Whitehaven and Workington", "r": -16, "q": 53, "region": "E12000002", "colour": "#1DD3A7", "id": "E14001583"}, "id": "E14001583"}, {"type": "Feature", "geometry": {"type": "Polygon", "coordinates": [[[0.03764, -0.0552], [0.03764, -0.05649], [0.03651, -0.05714], [0.03539, -0.05649], [0.03539, -0.0552], [0.03651, -0.05455], [0.03764, -0.0552], [0.03764, -0.0552]]]}, "properties": {"n": "Widnes and Halewood", "r": -26, "q": 51, "region": "E12000002", "colour": "#1DD3A7", "id": "E14001584"}, "id": "E14001584"}, {"type": "Feature", "geometry": {"type": "Polygon", "coordinates": [[[0.03764, -0.04351], [0.03764, -0.0448], [0.03651, -0.04545], [0.03539, -0.0448], [0.03539, -0.04351], [0.03651, -0.04286], [0.03764, -0.04351], [0.03764, -0.04351]]]}, "properties": {"n": "Wigan", "r": -20, "q": 51, "region": "E12000002", "colour": "#1DD3A7", "id": "E14001585"}, "id": "E14001585"}, {"type": "Feature", "geometry": {"type": "Polygon", "coordinates": [[[0.05899, -0.08442], [0.05899, -0.08572], [0.05787, -0.08637], [0.05674, -0.08572], [0.05674, -0.08442], [0.05787, -0.08377], [0.05899, -0.08442], [0.05899, -0.08442]]]}, "properties": {"n": "Wimbledon", "r": -41, "q": 60, "region": "E12000007", "colour": "#D73058", "id": "E14001586"}, "id": "E14001586"}, {"type": "Feature", "geometry": {"type": "Polygon", "coordinates": [[[0.04663, -0.08247], [0.04663, -0.08377], [0.0455, -0.08442], [0.04438, -0.08377], [0.04438, -0.08247], [0.0455, -0.08182], [0.04663, -0.08247], [0.04663, -0.08247]]]}, "properties": {"n": "Winchester", "r": -40, "q": 55, "region": "E12000008", "colour": "#67E767", "id": "E14001587"}, "id": "E14001587"}, {"type": "Feature", "geometry": {"type": "Polygon", "coordinates": [[[0.05112, -0.07858], [0.05112, -0.07987], [0.05, -0.08052], [0.04888, -0.07987], [0.04888, -0.07858], [0.05, -0.07793], [0.05112, -0.07858], [0.05112, -0.07858]]]}, "properties": {"n": "Windsor", "r": -38, "q": 57, "region": "E12000008", "colour": "#67E767", "id": "E14001588"}, "id": "E14001588"}, {"type": "Feature", "geometry": {"type": "Polygon", "coordinates": [[[0.03314, -0.05909], [0.03314, -0.06039], [0.03202, -0.06104], [0.03089, -0.06039], [0.03089, -0.05909], [0.03202, -0.05844], [0.03314, -0.05909], [0.03314, -0.05909]]]}, "properties": {"n": "Wirral West", "r": -28, "q": 49, "region": "E12000002", "colour": "#1DD3A7", "id": "E14001589"}, "id": "E14001589"}, {"type": "Feature", "geometry": {"type": "Polygon", "coordinates": [[[0.07697, -0.06883], [0.07697, -0.07013], [0.07585, -0.07078], [0.07473, -0.07013], [0.07473, -0.06883], [0.07585, -0.06818], [0.07697, -0.06883], [0.07697, -0.06883]]]}, "properties": {"n": "Witham", "r": -33, "q": 68, "region": "E12000006", "colour": "#FF6700", "id": "E14001590"}, "id": "E14001590"}, {"type": "Feature", "geometry": {"type": "Polygon", "coordinates": [[[0.05, -0.07273], [0.05, -0.07403], [0.04888, -0.07468], [0.04775, -0.07403], [0.04775, -0.07273], [0.04888, -0.07208], [0.05, -0.07273], [0.05, -0.07273]]]}, "properties": {"n": "Witney", "r": -35, "q": 56, "region": "E12000008", "colour": "#67E767", "id": "E14001591"}, "id": "E14001591"}, {"type": "Feature", "geometry": {"type": "Polygon", "coordinates": [[[0.05112, -0.08247], [0.05112, -0.08377], [0.05, -0.08442], [0.04888, -0.08377], [0.04888, -0.08247], [0.05, -0.08182], [0.05112, -0.08247], [0.05112, -0.08247]]]}, "properties": {"n": "Woking", "r": -40, "q": 57, "region": "E12000008", "colour": "#67E767", "id": "E14001592"}, "id": "E14001592"}, {"type": "Feature", "geometry": {"type": "Polygon", "coordinates": [[[0.04663, -0.07858], [0.04663, -0.07987], [0.0455, -0.08052], [0.04438, -0.07987], [0.04438, -0.07858], [0.0455, -0.07793], [0.04663, -0.07858], [0.04663, -0.07858]]]}, "properties": {"n": "Wokingham", "r": -38, "q": 55, "region": "E12000008", "colour": "#67E767", "id": "E14001593"}, "id": "E14001593"}, {"type": "Feature", "geometry": {"type": "Polygon", "coordinates": [[[0.04326, -0.06104], [0.04326, -0.06234], [0.04213, -0.06299], [0.04101, -0.06234], [0.04101, -0.06104], [0.04213, -0.06039], [0.04326, -0.06104], [0.04326, -0.06104]]]}, "properties": {"n": "Wolverhampton North East", "r": -29, "q": 53, "region": "E12000005", "colour": "#E6007C", "id": "E14001594"}, "id": "E14001594"}, {"type": "Feature", "geometry": {"type": "Polygon", "coordinates": [[[0.04438, -0.06299], [0.04438, -0.06429], [0.04326, -0.06494], [0.04213, -0.06429], [0.04213, -0.06299], [0.04326, -0.06234], [0.04438, -0.06299], [0.04438, -0.06299]]]}, "properties": {"n": "Wolverhampton South East", "r": -30, "q": 54, "region": "E12000005", "colour": "#E6007C", "id": "E14001595"}, "id": "E14001595"}, {"type": "Feature", "geometry": {"type": "Polygon", "coordinates": [[[0.04213, -0.06299], [0.04213, -0.06429], [0.04101, -0.06494], [0.03988, -0.06429], [0.03988, -0.06299], [0.04101, -0.06234], [0.04213, -0.06299], [0.04213, -0.06299]]]}, "properties": {"n": "Wolverhampton West", "r": -30, "q": 53, "region": "E12000005", "colour": "#E6007C", "id": "E14001596"}, "id": "E14001596"}, {"type": "Feature", "geometry": {"type": "Polygon", "coordinates": [[[0.04213, -0.07078], [0.04213, -0.07208], [0.04101, -0.07273], [0.03988, -0.07208], [0.03988, -0.07078], [0.04101, -0.07013], [0.04213, -0.07078], [0.04213, -0.07078]]]}, "properties": {"n": "Worcester", "r": -34, "q": 53, "region": "E12000005", "colour": "#E6007C", "id": "E14001597"}, "id": "E14001597"}, {"type": "Feature", "geometry": {"type": "Polygon", "coordinates": [[[0.04101, -0.04935], [0.04101, -0.05065], [0.03988, -0.0513], [0.03876, -0.05065], [0.03876, -0.04935], [0.03988, -0.0487], [0.04101, -0.04935], [0.04101, -0.04935]]]}, "properties": {"n": "Worsley and Eccles", "r": -23, "q": 52, "region": "E12000002", "colour": "#1DD3A7", "id": "E14001598"}, "id": "E14001598"}, {"type": "Feature", "geometry": {"type": "Polygon", "coordinates": [[[0.06686, -0.09027], [0.06686, -0.09157], [0.06574, -0.09221], [0.06461, -0.09157], [0.06461, -0.09027], [0.06574, -0.08962], [0.06686, -0.09027], [0.06686, -0.09027]]]}, "properties": {"n": "Worthing West", "r": -44, "q": 64, "region": "E12000008", "colour": "#67E767", "id": "E14001599"}, "id": "E14001599"}, {"type": "Feature", "geometry": {"type": "Polygon", "coordinates": [[[0.05337, -0.07468], [0.05337, -0.07598], [0.05225, -0.07663], [0.05112, -0.07598], [0.05112, -0.07468], [0.05225, -0.07403], [0.05337, -0.07468], [0.05337, -0.07468]]]}, "properties": {"n": "Wycombe", "r": -36, "q": 58, "region": "E12000008", "colour": "#67E767", "id": "E14001600"}, "id": "E14001600"}, {"type": "Feature", "geometry": {"type": "Polygon", "coordinates": [[[0.03651, -0.06883], [0.03651, -0.07013], [0.03539, -0.07078], [0.03426, -0.07013], [0.03426, -0.06883], [0.03539, -0.06818], [0.03651, -0.06883], [0.03651, -0.06883]]]}, "properties": {"n": "Wyre Forest", "r": -33, "q": 50, "region": "E12000005", "colour": "#E6007C", "id": "E14001601"}, "id": "E14001601"}, {"type": "Feature", "geometry": {"type": "Polygon", "coordinates": [[[0.04213, -0.0552], [0.04213, -0.05649], [0.04101, -0.05714], [0.03988, -0.05649], [0.03988, -0.0552], [0.04101, -0.05455], [0.04213, -0.0552], [0.04213, -0.0552]]]}, "properties": {"n": "Wythenshawe and Sale East", "r": -26, "q": 53, "region": "E12000002", "colour": "#1DD3A7", "id": "E14001602"}, "id": "E14001602"}, {"type": "Feature", "geometry": {"type": "Polygon", "coordinates": [[[0.03539, -0.08637], [0.03539, -0.08767], [0.03426, -0.08832], [0.03314, -0.08767], [0.03314, -0.08637], [0.03426, -0.08572], [0.03539, -0.08637], [0.03539, -0.08637]]]}, "properties": {"n": "Yeovil", "r": -42, "q": 50, "region": "E12000009", "colour": "#178CFF", "id": "E14001603"}, "id": "E14001603"}, {"type": "Feature", "geometry": {"type": "Polygon", "coordinates": [[[0.05899, -0.04156], [0.05899, -0.04286], [0.05787, -0.04351], [0.05674, -0.04286], [0.05674, -0.04156], [0.05787, -0.04091], [0.05899, -0.04156], [0.05899, -0.04156]]]}, "properties": {"n": "York Central", "r": -19, "q": 60, "region": "E12000003", "colour": "#F9BC26", "id": "E14001604"}, "id": "E14001604"}, {"type": "Feature", "geometry": {"type": "Polygon", "coordinates": [[[0.06012, -0.03961], [0.06012, -0.04091], [0.05899, -0.04156], [0.05787, -0.04091], [0.05787, -0.03961], [0.05899, -0.03896], [0.06012, -0.03961], [0.06012, -0.03961]]]}, "properties": {"n": "York Outer", "r": -18, "q": 61, "region": "E12000003", "colour": "#F9BC26", "id": "E14001605"}, "id": "E14001605"}, {"type": "Feature", "geometry": {"type": "Polygon", "coordinates": [[[0.02527, -0.03376], [0.02527, -0.03506], [0.02415, -0.03571], [0.02303, -0.03506], [0.02303, -0.03376], [0.02415, -0.03311], [0.02527, -0.03376], [0.02527, -0.03376]]]}, "properties": {"n": "East Antrim", "r": -15, "q": 45, "region": "N92000002", "colour": "#722EA5", "id": "N05000005"}, "id": "N05000005"}, {"type": "Feature", "geometry": {"type": "Polygon", "coordinates": [[[0.0219, -0.03571], [0.0219, -0.03701], [0.02078, -0.03766], [0.01965, -0.03701], [0.01965, -0.03571], [0.02078, -0.03506], [0.0219, -0.03571], [0.0219, -0.03571]]]}, "properties": {"n": "South Antrim", "r": -16, "q": 44, "region": "N92000002", "colour": "#722EA5", "id": "N05000014"}, "id": "N05000014"}, {"type": "Feature", "geometry": {"type": "Polygon", "coordinates": [[[0.0219, -0.03961], [0.0219, -0.04091], [0.02078, -0.04156], [0.01965, -0.04091], [0.01965, -0.03961], [0.02078, -0.03896], [0.0219, -0.03961], [0.0219, -0.03961]]]}, "properties": {"n": "Lagan Valley", "r": -18, "q": 44, "region": "N92000002", "colour": "#722EA5", "id": "N05000009"}, "id": "N05000009"}, {"type": "Feature", "geometry": {"type": "Polygon", "coordinates": [[[0.01965, -0.03961], [0.01965, -0.04091], [0.01853, -0.04156], [0.01741, -0.04091], [0.01741, -0.03961], [0.01853, -0.03896], [0.01965, -0.03961], [0.01965, -0.03961]]]}, "properties": {"n": "Upper Bann", "r": -18, "q": 43, "region": "N92000002", "colour": "#722EA5", "id": "N05000017"}, "id": "N05000017"}, {"type": "Feature", "geometry": {"type": "Polygon", "coordinates": [[[0.02415, -0.03571], [0.02415, -0.03701], [0.02303, -0.03766], [0.0219, -0.03701], [0.0219, -0.03571], [0.02303, -0.03506], [0.02415, -0.03571], [0.02415, -0.03571]]]}, "properties": {"n": "Belfast North", "r": -16, "q": 45, "region": "N92000002", "colour": "#722EA5", "id": "N05000002"}, "id": "N05000002"}, {"type": "Feature", "geometry": {"type": "Polygon", "coordinates": [[[0.02078, -0.03376], [0.02078, -0.03506], [0.01965, -0.03571], [0.01853, -0.03506], [0.01853, -0.03376], [0.01965, -0.03311], [0.02078, -0.03376], [0.02078, -0.03376]]]}, "properties": {"n": "East Londonderry", "r": -15, "q": 43, "region": "N92000002", "colour": "#722EA5", "id": "N05000006"}, "id": "N05000006"}, {"type": "Feature", "geometry": {"type": "Polygon", "coordinates": [[[0.01741, -0.03571], [0.01741, -0.03701], [0.01628, -0.03766], [0.01516, -0.03701], [0.01516, -0.03571], [0.01628, -0.03506], [0.01741, -0.03571], [0.01741, -0.03571]]]}, "properties": {"n": "West Tyrone", "r": -16, "q": 42, "region": "N92000002", "colour": "#722EA5", "id": "N05000018"}, "id": "N05000018"}, {"type": "Feature", "geometry": {"type": "Polygon", "coordinates": [[[0.01853, -0.03376], [0.01853, -0.03506], [0.01741, -0.03571], [0.01628, -0.03506], [0.01628, -0.03376], [0.01741, -0.03311], [0.01853, -0.03376], [0.01853, -0.03376]]]}, "properties": {"n": "Foyle", "r": -15, "q": 42, "region": "N92000002", "colour": "#722EA5", "id": "N05000008"}, "id": "N05000008"}, {"type": "Feature", "geometry": {"type": "Polygon", "coordinates": [[[0.02303, -0.03376], [0.02303, -0.03506], [0.0219, -0.03571], [0.02078, -0.03506], [0.02078, -0.03376], [0.0219, -0.03311], [0.02303, -0.03376], [0.02303, -0.03376]]]}, "properties": {"n": "North Antrim", "r": -15, "q": 44, "region": "N92000002", "colour": "#722EA5", "id": "N05000012"}, "id": "N05000012"}, {"type": "Feature", "geometry": {"type": "Polygon", "coordinates": [[[0.01965, -0.03571], [0.01965, -0.03701], [0.01853, -0.03766], [0.01741, -0.03701], [0.01741, -0.03571], [0.01853, -0.03506], [0.01965, -0.03571], [0.01965, -0.03571]]]}, "properties": {"n": "Mid Ulster", "r": -16, "q": 43, "region": "N92000002", "colour": "#722EA5", "id": "N05000010"}, "id": "N05000010"}, {"type": "Feature", "geometry": {"type": "Polygon", "coordinates": [[[0.01853, -0.03766], [0.01853, -0.03896], [0.01741, -0.03961], [0.01628, -0.03896], [0.01628, -0.03766], [0.01741, -0.03701], [0.01853, -0.03766], [0.01853, -0.03766]]]}, "properties": {"n": "Fermanagh and South Tyrone", "r": -17, "q": 42, "region": "N92000002", "colour": "#722EA5", "id": "N05000007"}, "id": "N05000007"}, {"type": "Feature", "geometry": {"type": "Polygon", "coordinates": [[[0.0264, -0.03961], [0.0264, -0.04091], [0.02527, -0.04156], [0.02415, -0.04091], [0.02415, -0.03961], [0.02527, -0.03896], [0.0264, -0.03961], [0.0264, -0.03961]]]}, "properties": {"n": "South Down", "r": -18, "q": 46, "region": "N92000002", "colour": "#722EA5", "id": "N05000015"}, "id": "N05000015"}, {"type": "Feature", "geometry": {"type": "Polygon", "coordinates": [[[0.0264, -0.03571], [0.0264, -0.03701], [0.02527, -0.03766], [0.02415, -0.03701], [0.02415, -0.03571], [0.02527, -0.03506], [0.0264, -0.03571], [0.0264, -0.03571]]]}, "properties": {"n": "North Down", "r": -16, "q": 46, "region": "N92000002", "colour": "#722EA5", "id": "N05000013"}, "id": "N05000013"}, {"type": "Feature", "geometry": {"type": "Polygon", "coordinates": [[[0.02752, -0.03766], [0.02752, -0.03896], [0.0264, -0.03961], [0.02527, -0.03896], [0.02527, -0.03766], [0.0264, -0.03701], [0.02752, -0.03766], [0.02752, -0.03766]]]}, "properties": {"n": "Strangford", "r": -17, "q": 46, "region": "N92000002", "colour": "#722EA5", "id": "N05000016"}, "id": "N05000016"}, {"type": "Feature", "geometry": {"type": "Polygon", "coordinates": [[[0.02527, -0.03766], [0.02527, -0.03896], [0.02415, -0.03961], [0.02303, -0.03896], [0.02303, -0.03766], [0.02415, -0.03701], [0.02527, -0.03766], [0.02527, -0.03766]]]}, "properties": {"n": "Belfast East", "r": -17, "q": 45, "region": "N92000002", "colour": "#722EA5", "id": "N05000001"}, "id": "N05000001"}, {"type": "Feature", "geometry": {"type": "Polygon", "coordinates": [[[0.02303, -0.03766], [0.02303, -0.03896], [0.0219, -0.03961], [0.02078, -0.03896], [0.02078, -0.03766], [0.0219, -0.03701], [0.02303, -0.03766], [0.02303, -0.03766]]]}, "properties": {"n": "Belfast West", "r": -17, "q": 44, "region": "N92000002", "colour": "#722EA5", "id": "N05000004"}, "id": "N05000004"}, {"type": "Feature", "geometry": {"type": "Polygon", "coordinates": [[[0.02415, -0.03961], [0.02415, -0.04091], [0.02303, -0.04156], [0.0219, -0.04091], [0.0219, -0.03961], [0.02303, -0.03896], [0.02415, -0.03961], [0.02415, -0.03961]]]}, "properties": {"n": "Belfast South and Mid Down", "r": -18, "q": 45, "region": "N92000002", "colour": "#722EA5", "id": "N05000003"}, "id": "N05000003"}, {"type": "Feature", "geometry": {"type": "Polygon", "coordinates": [[[0.02303, -0.04156], [0.02303, -0.04286], [0.0219, -0.04351], [0.02078, -0.04286], [0.02078, -0.04156], [0.0219, -0.04091], [0.02303, -0.04156], [0.02303, -0.04156]]]}, "properties": {"n": "Newry and Armagh", "r": -19, "q": 44, "region": "N92000002", "colour": "#722EA5", "id": "N05000011"}, "id": "N05000011"}, {"type": "Feature", "geometry": {"type": "Polygon", "coordinates": [[[0.04213, -0.02792], [0.04213, -0.02922], [0.04101, -0.02987], [0.03988, -0.02922], [0.03988, -0.02792], [0.04101, -0.02727], [0.04213, -0.02792], [0.04213, -0.02792]]]}, "properties": {"n": "Berwickshire, Roxburgh and Selkirk", "r": -12, "q": 53, "region": "S92000003", "colour": "#2254F4", "id": "S14000108"}, "id": "S14000108"}, {"type": "Feature", "geometry": {"type": "Polygon", "coordinates": [[[0.04101, -0.01428], [0.04101, -0.01558], [0.03988, -0.01623], [0.03876, -0.01558], [0.03876, -0.01428], [0.03988, -0.01363], [0.04101, -0.01428], [0.04101, -0.01428]]]}, "properties": {"n": "Arbroath and Broughty Ferry", "r": -5, "q": 52, "region": "S92000003", "colour": "#2254F4", "id": "S14000066"}, "id": "S14000066"}, {"type": "Feature", "geometry": {"type": "Polygon", "coordinates": [[[0.03876, -0.01818], [0.03876, -0.01948], [0.03764, -0.02013], [0.03651, -0.01948], [0.03651, -0.01818], [0.03764, -0.01753], [0.03876, -0.01818], [0.03876, -0.01818]]]}, "properties": {"n": "Dunfermline and Dollar", "r": -7, "q": 51, "region": "S92000003", "colour": "#2254F4", "id": "S14000076"}, "id": "S14000076"}, {"type": "Feature", "geometry": {"type": "Polygon", "coordinates": [[[0.03651, -0.02597], [0.03651, -0.02727], [0.03539, -0.02792], [0.03426, -0.02727], [0.03426, -0.02597], [0.03539, -0.02532], [0.03651, -0.02597], [0.03651, -0.02597]]]}, "properties": {"n": "Airdrie and Shotts", "r": -11, "q": 50, "region": "S92000003", "colour": "#2254F4", "id": "S14000063"}, "id": "S14000063"}, {"type": "Feature", "geometry": {"type": "Polygon", "coordinates": [[[0.03202, -0.02987], [0.03202, -0.03117], [0.03089, -0.03182], [0.02977, -0.03117], [0.02977, -0.02987], [0.03089, -0.02922], [0.03202, -0.02987], [0.03202, -0.02987]]]}, "properties": {"n": "East Kilbride and Strathaven", "r": -13, "q": 48, "region": "S92000003", "colour": "#2254F4", "id": "S14000077"}, "id": "S14000077"}, {"type": "Feature", "geometry": {"type": "Polygon", "coordinates": [[[0.03202, -0.02597], [0.03202, -0.02727], [0.03089, -0.02792], [0.02977, -0.02727], [0.02977, -0.02597], [0.03089, -0.02532], [0.03202, -0.02597], [0.03202, -0.02597]]]}, "properties": {"n": "East Renfrewshire", "r": -11, "q": 48, "region": "S92000003", "colour": "#2254F4", "id": "S14000021"}, "id": "S14000021"}, {"type": "Feature", "geometry": {"type": "Polygon", "coordinates": [[[0.04438, -0.02402], [0.04438, -0.02532], [0.04326, -0.02597], [0.04213, -0.02532], [0.04213, -0.02402], [0.04326, -0.02337], [0.04438, -0.02402], [0.04438, -0.02402]]]}, "properties": {"n": "Edinburgh East and Musselburgh", "r": -10, "q": 54, "region": "S92000003", "colour": "#2254F4", "id": "S14000078"}, "id": "S14000078"}, {"type": "Feature", "geometry": {"type": "Polygon", "coordinates": [[[0.04326, -0.02207], [0.04326, -0.02337], [0.04213, -0.02402], [0.04101, -0.02337], [0.04101, -0.02207], [0.04213, -0.02142], [0.04326, -0.02207], [0.04326, -0.02207]]]}, "properties": {"n": "Edinburgh North and Leith", "r": -9, "q": 53, "region": "S92000003", "colour": "#2254F4", "id": "S14000079"}, "id": "S14000079"}, {"type": "Feature", "geometry": {"type": "Polygon", "coordinates": [[[0.03988, -0.02402], [0.03988, -0.02532], [0.03876, -0.02597], [0.03764, -0.02532], [0.03764, -0.02402], [0.03876, -0.02337], [0.03988, -0.02402], [0.03988, -0.02402]]]}, "properties": {"n": "Edinburgh South West", "r": -10, "q": 52, "region": "S92000003", "colour": "#2254F4", "id": "S14000081"}, "id": "S14000081"}, {"type": "Feature", "geometry": {"type": "Polygon", "coordinates": [[[0.03651, -0.01818], [0.03651, -0.01948], [0.03539, -0.02013], [0.03426, -0.01948], [0.03426, -0.01818], [0.03539, -0.01753], [0.03651, -0.01818], [0.03651, -0.01818]]]}, "properties": {"n": "Alloa and Grangemouth", "r": -7, "q": 50, "region": "S92000003", "colour": "#2254F4", "id": "S14000064"}, "id": "S14000064"}, {"type": "Feature", "geometry": {"type": "Polygon", "coordinates": [[[0.03539, -0.02402], [0.03539, -0.02532], [0.03426, -0.02597], [0.03314, -0.02532], [0.03314, -0.02402], [0.03426, -0.02337], [0.03539, -0.02402], [0.03539, -0.02402]]]}, "properties": {"n": "Glasgow South West", "r": -10, "q": 50, "region": "S92000003", "colour": "#2254F4", "id": "S14000088"}, "id": "S14000088"}, {"type": "Feature", "geometry": {"type": "Polygon", "coordinates": [[[0.03089, -0.02013], [0.03089, -0.02142], [0.02977, -0.02207], [0.02865, -0.02142], [0.02865, -0.02013], [0.02977, -0.01948], [0.03089, -0.02013], [0.03089, -0.02013]]]}, "properties": {"n": "Inverclyde and Renfrewshire West", "r": -8, "q": 48, "region": "S92000003", "colour": "#2254F4", "id": "S14000093"}, "id": "S14000093"}, {"type": "Feature", "geometry": {"type": "Polygon", "coordinates": [[[0.03651, -0.02987], [0.03651, -0.03117], [0.03539, -0.03182], [0.03426, -0.03117], [0.03426, -0.02987], [0.03539, -0.02922], [0.03651, -0.02987], [0.03651, -0.02987]]]}, "properties": {"n": "Kilmarnock and Loudoun", "r": -13, "q": 50, "region": "S92000003", "colour": "#2254F4", "id": "S14000110"}, "id": "S14000110"}, {"type": "Feature", "geometry": {"type": "Polygon", "coordinates": [[[0.03876, -0.02597], [0.03876, -0.02727], [0.03764, -0.02792], [0.03651, -0.02727], [0.03651, -0.02597], [0.03764, -0.02532], [0.03876, -0.02597], [0.03876, -0.02597]]]}, "properties": {"n": "Livingston", "r": -11, "q": 51, "region": "S92000003", "colour": "#2254F4", "id": "S14000095"}, "id": "S14000095"}, {"type": "Feature", "geometry": {"type": "Polygon", "coordinates": [[[0.04101, -0.02597], [0.04101, -0.02727], [0.03988, -0.02792], [0.03876, -0.02727], [0.03876, -0.02597], [0.03988, -0.02532], [0.04101, -0.02597], [0.04101, -0.02597]]]}, "properties": {"n": "Midlothian", "r": -11, "q": 52, "region": "S92000003", "colour": "#2254F4", "id": "S14000045"}, "id": "S14000045"}, {"type": "Feature", "geometry": {"type": "Polygon", "coordinates": [[[0.03988, -0.02792], [0.03988, -0.02922], [0.03876, -0.02987], [0.03764, -0.02922], [0.03764, -0.02792], [0.03876, -0.02727], [0.03988, -0.02792], [0.03988, -0.02792]]]}, "properties": {"n": "Motherwell, Wishaw and Carluke", "r": -12, "q": 52, "region": "S92000003", "colour": "#2254F4", "id": "S14000099"}, "id": "S14000099"}, {"type": "Feature", "geometry": {"type": "Polygon", "coordinates": [[[0.03314, -0.02402], [0.03314, -0.02532], [0.03202, -0.02597], [0.03089, -0.02532], [0.03089, -0.02402], [0.03202, -0.02337], [0.03314, -0.02402], [0.03314, -0.02402]]]}, "properties": {"n": "Paisley and Renfrewshire South", "r": -10, "q": 49, "region": "S92000003", "colour": "#2254F4", "id": "S14000102"}, "id": "S14000102"}, {"type": "Feature", "geometry": {"type": "Polygon", "coordinates": [[[0.03651, -0.01428], [0.03651, -0.01558], [0.03539, -0.01623], [0.03426, -0.01558], [0.03426, -0.01428], [0.03539, -0.01363], [0.03651, -0.01428], [0.03651, -0.01428]]]}, "properties": {"n": "Angus and Perthshire Glens", "r": -5, "q": 50, "region": "S92000003", "colour": "#2254F4", "id": "S14000065"}, "id": "S14000065"}, {"type": "Feature", "geometry": {"type": "Polygon", "coordinates": [[[0.03314, -0.01623], [0.03314, -0.01753], [0.03202, -0.01818], [0.03089, -0.01753], [0.03089, -0.01623], [0.03202, -0.01558], [0.03314, -0.01623], [0.03314, -0.01623]]]}, "properties": {"n": "Stirling and Strathallan", "r": -6, "q": 49, "region": "S92000003", "colour": "#2254F4", "id": "S14000105"}, "id": "S14000105"}, {"type": "Feature", "geometry": {"type": "Polygon", "coordinates": [[[0.03202, -0.01818], [0.03202, -0.01948], [0.03089, -0.02013], [0.02977, -0.01948], [0.02977, -0.01818], [0.03089, -0.01753], [0.03202, -0.01818], [0.03202, -0.01818]]]}, "properties": {"n": "West Dunbartonshire", "r": -7, "q": 48, "region": "S92000003", "colour": "#2254F4", "id": "S14000106"}, "id": "S14000106"}, {"type": "Feature", "geometry": {"type": "Polygon", "coordinates": [[[0.03314, -0.01233], [0.03314, -0.01363], [0.03202, -0.01428], [0.03089, -0.01363], [0.03089, -0.01233], [0.03202, -0.01168], [0.03314, -0.01233], [0.03314, -0.01233]]]}, "properties": {"n": "Moray West, Nairn and Strathspey", "r": -4, "q": 49, "region": "S92000003", "colour": "#2254F4", "id": "S14000098"}, "id": "S14000098"}, {"type": "Feature", "geometry": {"type": "Polygon", "coordinates": [[[0.03426, -0.01428], [0.03426, -0.01558], [0.03314, -0.01623], [0.03202, -0.01558], [0.03202, -0.01428], [0.03314, -0.01363], [0.03426, -0.01428], [0.03426, -0.01428]]]}, "properties": {"n": "Argyll, Bute and South Lochaber", "r": -5, "q": 49, "region": "S92000003", "colour": "#2254F4", "id": "S14000067"}, "id": "S14000067"}, {"type": "Feature", "geometry": {"type": "Polygon", "coordinates": [[[0.03764, -0.01233], [0.03764, -0.01363], [0.03651, -0.01428], [0.03539, -0.01363], [0.03539, -0.01233], [0.03651, -0.01168], [0.03764, -0.01233], [0.03764, -0.01233]]]}, "properties": {"n": "West Aberdeenshire and Kincardine", "r": -4, "q": 51, "region": "S92000003", "colour": "#2254F4", "id": "S14000111"}, "id": "S14000111"}, {"type": "Feature", "geometry": {"type": "Polygon", "coordinates": [[[0.03539, -0.01233], [0.03539, -0.01363], [0.03426, -0.01428], [0.03314, -0.01363], [0.03314, -0.01233], [0.03426, -0.01168], [0.03539, -0.01233], [0.03539, -0.01233]]]}, "properties": {"n": "Gordon and Buchan", "r": -4, "q": 50, "region": "S92000003", "colour": "#2254F4", "id": "S14000091"}, "id": "S14000091"}, {"type": "Feature", "geometry": {"type": "Polygon", "coordinates": [[[0.04101, -0.01818], [0.04101, -0.01948], [0.03988, -0.02013], [0.03876, -0.01948], [0.03876, -0.01818], [0.03988, -0.01753], [0.04101, -0.01818], [0.04101, -0.01818]]]}, "properties": {"n": "Cowdenbeath and Kirkcaldy", "r": -7, "q": 52, "region": "S92000003", "colour": "#2254F4", "id": "S14000071"}, "id": "S14000071"}, {"type": "Feature", "geometry": {"type": "Polygon", "coordinates": [[[0.03988, -0.01233], [0.03988, -0.01363], [0.03876, -0.01428], [0.03764, -0.01363], [0.03764, -0.01233], [0.03876, -0.01168], [0.03988, -0.01233], [0.03988, -0.01233]]]}, "properties": {"n": "Aberdeen South", "r": -4, "q": 52, "region": "S92000003", "colour": "#2254F4", "id": "S14000061"}, "id": "S14000061"}, {"type": "Feature", "geometry": {"type": "Polygon", "coordinates": [[[0.04101, -0.02207], [0.04101, -0.02337], [0.03988, -0.02402], [0.03876, -0.02337], [0.03876, -0.02207], [0.03988, -0.02142], [0.04101, -0.02207], [0.04101, -0.02207]]]}, "properties": {"n": "Edinburgh West", "r": -9, "q": 52, "region": "S92000003", "colour": "#2254F4", "id": "S14000082"}, "id": "S14000082"}, {"type": "Feature", "geometry": {"type": "Polygon", "coordinates": [[[0.04326, -0.02597], [0.04326, -0.02727], [0.04213, -0.02792], [0.04101, -0.02727], [0.04101, -0.02597], [0.04213, -0.02532], [0.04326, -0.02597], [0.04326, -0.02597]]]}, "properties": {"n": "Lothian East", "r": -11, "q": 53, "region": "S92000003", "colour": "#2254F4", "id": "S14000096"}, "id": "S14000096"}, {"type": "Feature", "geometry": {"type": "Polygon", "coordinates": [[[0.03426, -0.02987], [0.03426, -0.03117], [0.03314, -0.03182], [0.03202, -0.03117], [0.03202, -0.02987], [0.03314, -0.02922], [0.03426, -0.02987], [0.03426, -0.02987]]]}, "properties": {"n": "Ayr, Carrick and Cumnock", "r": -13, "q": 49, "region": "S92000003", "colour": "#2254F4", "id": "S14000107"}, "id": "S14000107"}, {"type": "Feature", "geometry": {"type": "Polygon", "coordinates": [[[0.03089, -0.02792], [0.03089, -0.02922], [0.02977, -0.02987], [0.02865, -0.02922], [0.02865, -0.02792], [0.02977, -0.02727], [0.03089, -0.02792], [0.03089, -0.02792]]]}, "properties": {"n": "Central Ayrshire", "r": -12, "q": 48, "region": "S92000003", "colour": "#2254F4", "id": "S14000109"}, "id": "S14000109"}, {"type": "Feature", "geometry": {"type": "Polygon", "coordinates": [[[0.03764, -0.00454], [0.03764, -0.00584], [0.03651, -0.00649], [0.03539, -0.00584], [0.03539, -0.00454], [0.03651, -0.00389], [0.03764, -0.00454], [0.03764, -0.00454]]]}, "properties": {"n": "Orkney and Shetland", "r": 0, "q": 51, "region": "S92000003", "colour": "#2254F4", "id": "S14000051"}, "id": "S14000051"}, {"type": "Feature", "geometry": {"type": "Polygon", "coordinates": [[[0.02865, -0.00843], [0.02865, -0.00973], [0.02752, -0.01038], [0.0264, -0.00973], [0.0264, -0.00843], [0.02752, -0.00779], [0.02865, -0.00843], [0.02865, -0.00843]]]}, "properties": {"n": "Na h-Eileanan an Iar", "r": -2, "q": 47, "region": "S92000003", "colour": "#2254F4", "id": "S14000027"}, "id": "S14000027"}, {"type": "Feature", "geometry": {"type": "Polygon", "coordinates": [[[0.03089, -0.02402], [0.03089, -0.02532], [0.02977, -0.02597], [0.02865, -0.02532], [0.02865, -0.02402], [0.02977, -0.02337], [0.03089, -0.02402], [0.03089, -0.02402]]]}, "properties": {"n": "North Ayrshire and Arran", "r": -10, "q": 48, "region": "S92000003", "colour": "#2254F4", "id": "S14000048"}, "id": "S14000048"}, {"type": "Feature", "geometry": {"type": "Polygon", "coordinates": [[[0.03876, -0.01428], [0.03876, -0.01558], [0.03764, -0.01623], [0.03651, -0.01558], [0.03651, -0.01428], [0.03764, -0.01363], [0.03876, -0.01428], [0.03876, -0.01428]]]}, "properties": {"n": "Perth and Kinross-shire", "r": -5, "q": 51, "region": "S92000003", "colour": "#2254F4", "id": "S14000103"}, "id": "S14000103"}, {"type": "Feature", "geometry": {"type": "Polygon", "coordinates": [[[0.03539, -0.01623], [0.03539, -0.01753], [0.03426, -0.01818], [0.03314, -0.01753], [0.03314, -0.01623], [0.03426, -0.01558], [0.03539, -0.01623], [0.03539, -0.01623]]]}, "properties": {"n": "Dundee Central", "r": -6, "q": 50, "region": "S92000003", "colour": "#2254F4", "id": "S14000075"}, "id": "S14000075"}, {"type": "Feature", "geometry": {"type": "Polygon", "coordinates": [[[0.03764, -0.02013], [0.03764, -0.02142], [0.03651, -0.02207], [0.03539, -0.02142], [0.03539, -0.02013], [0.03651, -0.01948], [0.03764, -0.02013], [0.03764, -0.02013]]]}, "properties": {"n": "Falkirk", "r": -8, "q": 51, "region": "S92000003", "colour": "#2254F4", "id": "S14000083"}, "id": "S14000083"}, {"type": "Feature", "geometry": {"type": "Polygon", "coordinates": [[[0.03876, -0.02207], [0.03876, -0.02337], [0.03764, -0.02402], [0.03651, -0.02337], [0.03651, -0.02207], [0.03764, -0.02142], [0.03876, -0.02207], [0.03876, -0.02207]]]}, "properties": {"n": "Bathgate and Linlithgow", "r": -9, "q": 51, "region": "S92000003", "colour": "#2254F4", "id": "S14000068"}, "id": "S14000068"}, {"type": "Feature", "geometry": {"type": "Polygon", "coordinates": [[[0.03426, -0.01038], [0.03426, -0.01168], [0.03314, -0.01233], [0.03202, -0.01168], [0.03202, -0.01038], [0.03314, -0.00973], [0.03426, -0.01038], [0.03426, -0.01038]]]}, "properties": {"n": "Inverness, Skye and West Ross-shire", "r": -3, "q": 49, "region": "S92000003", "colour": "#2254F4", "id": "S14000094"}, "id": "S14000094"}, {"type": "Feature", "geometry": {"type": "Polygon", "coordinates": [[[0.04213, -0.02402], [0.04213, -0.02532], [0.04101, -0.02597], [0.03988, -0.02532], [0.03988, -0.02402], [0.04101, -0.02337], [0.04213, -0.02402], [0.04213, -0.02402]]]}, "properties": {"n": "Edinburgh South", "r": -10, "q": 53, "region": "S92000003", "colour": "#2254F4", "id": "S14000080"}, "id": "S14000080"}, {"type": "Feature", "geometry": {"type": "Polygon", "coordinates": [[[0.03876, -0.02987], [0.03876, -0.03117], [0.03764, -0.03182], [0.03651, -0.03117], [0.03651, -0.02987], [0.03764, -0.02922], [0.03876, -0.02987], [0.03876, -0.02987]]]}, "properties": {"n": "Dumfries and Galloway", "r": -13, "q": 51, "region": "S92000003", "colour": "#2254F4", "id": "S14000073"}, "id": "S14000073"}, {"type": "Feature", "geometry": {"type": "Polygon", "coordinates": [[[0.03202, -0.02207], [0.03202, -0.02337], [0.03089, -0.02402], [0.02977, -0.02337], [0.02977, -0.02207], [0.03089, -0.02142], [0.03202, -0.02207], [0.03202, -0.02207]]]}, "properties": {"n": "Paisley and Renfrewshire North", "r": -9, "q": 48, "region": "S92000003", "colour": "#2254F4", "id": "S14000101"}, "id": "S14000101"}, {"type": "Feature", "geometry": {"type": "Polygon", "coordinates": [[[0.03876, -0.01038], [0.03876, -0.01168], [0.03764, -0.01233], [0.03651, -0.01168], [0.03651, -0.01038], [0.03764, -0.00973], [0.03876, -0.01038], [0.03876, -0.01038]]]}, "properties": {"n": "Aberdeenshire North and Moray East", "r": -3, "q": 51, "region": "S92000003", "colour": "#2254F4", "id": "S14000062"}, "id": "S14000062"}, {"type": "Feature", "geometry": {"type": "Polygon", "coordinates": [[[0.03539, -0.00843], [0.03539, -0.00973], [0.03426, -0.01038], [0.03314, -0.00973], [0.03314, -0.00843], [0.03426, -0.00779], [0.03539, -0.00843], [0.03539, -0.00843]]]}, "properties": {"n": "Caithness, Sutherland and Easter Ross", "r": -2, "q": 50, "region": "S92000003", "colour": "#2254F4", "id": "S14000069"}, "id": "S14000069"}, {"type": "Feature", "geometry": {"type": "Polygon", "coordinates": [[[0.03764, -0.02402], [0.03764, -0.02532], [0.03651, -0.02597], [0.03539, -0.02532], [0.03539, -0.02402], [0.03651, -0.02337], [0.03764, -0.02402], [0.03764, -0.02402]]]}, "properties": {"n": "Glasgow East", "r": -10, "q": 51, "region": "S92000003", "colour": "#2254F4", "id": "S14000084"}, "id": "S14000084"}, {"type": "Feature", "geometry": {"type": "Polygon", "coordinates": [[[0.03426, -0.01818], [0.03426, -0.01948], [0.03314, -0.02013], [0.03202, -0.01948], [0.03202, -0.01818], [0.03314, -0.01753], [0.03426, -0.01818], [0.03426, -0.01818]]]}, "properties": {"n": "Mid Dunbartonshire", "r": -7, "q": 49, "region": "S92000003", "colour": "#2254F4", "id": "S14000097"}, "id": "S14000097"}, {"type": "Feature", "geometry": {"type": "Polygon", "coordinates": [[[0.03426, -0.02207], [0.03426, -0.02337], [0.03314, -0.02402], [0.03202, -0.02337], [0.03202, -0.02207], [0.03314, -0.02142], [0.03426, -0.02207], [0.03426, -0.02207]]]}, "properties": {"n": "Glasgow North", "r": -9, "q": 49, "region": "S92000003", "colour": "#2254F4", "id": "S14000085"}, "id": "S14000085"}, {"type": "Feature", "geometry": {"type": "Polygon", "coordinates": [[[0.03426, -0.02597], [0.03426, -0.02727], [0.03314, -0.02792], [0.03202, -0.02727], [0.03202, -0.02597], [0.03314, -0.02532], [0.03426, -0.02597], [0.03426, -0.02597]]]}, "properties": {"n": "Glasgow South", "r": -11, "q": 49, "region": "S92000003", "colour": "#2254F4", "id": "S14000087"}, "id": "S14000087"}, {"type": "Feature", "geometry": {"type": "Polygon", "coordinates": [[[0.03314, -0.02013], [0.03314, -0.02142], [0.03202, -0.02207], [0.03089, -0.02142], [0.03089, -0.02013], [0.03202, -0.01948], [0.03314, -0.02013], [0.03314, -0.02013]]]}, "properties": {"n": "Glasgow West", "r": -8, "q": 49, "region": "S92000003", "colour": "#2254F4", "id": "S14000089"}, "id": "S14000089"}, {"type": "Feature", "geometry": {"type": "Polygon", "coordinates": [[[0.03539, -0.02013], [0.03539, -0.02142], [0.03426, -0.02207], [0.03314, -0.02142], [0.03314, -0.02013], [0.03426, -0.01948], [0.03539, -0.02013], [0.03539, -0.02013]]]}, "properties": {"n": "Cumbernauld and Kirkintilloch", "r": -8, "q": 50, "region": "S92000003", "colour": "#2254F4", "id": "S14000072"}, "id": "S14000072"}, {"type": "Feature", "geometry": {"type": "Polygon", "coordinates": [[[0.03539, -0.02792], [0.03539, -0.02922], [0.03426, -0.02987], [0.03314, -0.02922], [0.03314, -0.02792], [0.03426, -0.02727], [0.03539, -0.02792], [0.03539, -0.02792]]]}, "properties": {"n": "Coatbridge and Bellshill", "r": -12, "q": 50, "region": "S92000003", "colour": "#2254F4", "id": "S14000070"}, "id": "S14000070"}, {"type": "Feature", "geometry": {"type": "Polygon", "coordinates": [[[0.03764, -0.02792], [0.03764, -0.02922], [0.03651, -0.02987], [0.03539, -0.02922], [0.03539, -0.02792], [0.03651, -0.02727], [0.03764, -0.02792], [0.03764, -0.02792]]]}, "properties": {"n": "Hamilton and Clyde Valley", "r": -12, "q": 51, "region": "S92000003", "colour": "#2254F4", "id": "S14000092"}, "id": "S14000092"}, {"type": "Feature", "geometry": {"type": "Polygon", "coordinates": [[[0.03314, -0.02792], [0.03314, -0.02922], [0.03202, -0.02987], [0.03089, -0.02922], [0.03089, -0.02792], [0.03202, -0.02727], [0.03314, -0.02792], [0.03314, -0.02792]]]}, "properties": {"n": "Rutherglen", "r": -12, "q": 49, "region": "S92000003", "colour": "#2254F4", "id": "S14000104"}, "id": "S14000104"}, {"type": "Feature", "geometry": {"type": "Polygon", "coordinates": [[[0.03651, -0.02207], [0.03651, -0.02337], [0.03539, -0.02402], [0.03426, -0.02337], [0.03426, -0.02207], [0.03539, -0.02142], [0.03651, -0.02207], [0.03651, -0.02207]]]}, "properties": {"n": "Glasgow North East", "r": -9, "q": 50, "region": "S92000003", "colour": "#2254F4", "id": "S14000086"}, "id": "S14000086"}, {"type": "Feature", "geometry": {"type": "Polygon", "coordinates": [[[0.04101, -0.01038], [0.04101, -0.01168], [0.03988, -0.01233], [0.03876, -0.01168], [0.03876, -0.01038], [0.03988, -0.00973], [0.04101, -0.01038], [0.04101, -0.01038]]]}, "properties": {"n": "Aberdeen North", "r": -3, "q": 52, "region": "S92000003", "colour": "#2254F4", "id": "S14000060"}, "id": "S14000060"}, {"type": "Feature", "geometry": {"type": "Polygon", "coordinates": [[[0.04101, -0.02987], [0.04101, -0.03117], [0.03988, -0.03182], [0.03876, -0.03117], [0.03876, -0.02987], [0.03988, -0.02922], [0.04101, -0.02987], [0.04101, -0.02987]]]}, "properties": {"n": "Dumfriesshire, Clydesdale and Tweeddale", "r": -13, "q": 52, "region": "S92000003", "colour": "#2254F4", "id": "S14000074"}, "id": "S14000074"}, {"type": "Feature", "geometry": {"type": "Polygon", "coordinates": [[[0.03764, -0.01623], [0.03764, -0.01753], [0.03651, -0.01818], [0.03539, -0.01753], [0.03539, -0.01623], [0.03651, -0.01558], [0.03764, -0.01623], [0.03764, -0.01623]]]}, "properties": {"n": "North East Fife", "r": -6, "q": 51, "region": "S92000003", "colour": "#2254F4", "id": "S14000100"}, "id": "S14000100"}, {"type": "Feature", "geometry": {"type": "Polygon", "coordinates": [[[0.03988, -0.01623], [0.03988, -0.01753], [0.03876, -0.01818], [0.03764, -0.01753], [0.03764, -0.01623], [0.03876, -0.01558], [0.03988, -0.01623], [0.03988, -0.01623]]]}, "properties": {"n": "Glenrothes and Mid Fife", "r": -6, "q": 52, "region": "S92000003", "colour": "#2254F4", "id": "S14000090"}, "id": "S14000090"}, {"type": "Feature", "geometry": {"type": "Polygon", "coordinates": [[[0.0264, -0.07468], [0.0264, -0.07598], [0.02527, -0.07663], [0.02415, -0.07598], [0.02415, -0.07468], [0.02527, -0.07403], [0.0264, -0.07468], [0.0264, -0.07468]]]}, "properties": {"n": "Aberafan Maesteg", "r": -36, "q": 46, "region": "W92000004", "colour": "#0DBC37", "id": "W07000081"}, "id": "W07000081"}, {"type": "Feature", "geometry": {"type": "Polygon", "coordinates": [[[0.03426, -0.06104], [0.03426, -0.06234], [0.03314, -0.06299], [0.03202, -0.06234], [0.03202, -0.06104], [0.03314, -0.06039], [0.03426, -0.06104], [0.03426, -0.06104]]]}, "properties": {"n": "Alyn and Deeside", "r": -29, "q": 49, "region": "W92000004", "colour": "#0DBC37", "id": "W07000082"}, "id": "W07000082"}, {"type": "Feature", "geometry": {"type": "Polygon", "coordinates": [[[0.02977, -0.06494], [0.02977, -0.06624], [0.02865, -0.06689], [0.02752, -0.06624], [0.02752, -0.06494], [0.02865, -0.06429], [0.02977, -0.06494], [0.02977, -0.06494]]]}, "properties": {"n": "Bangor Aberconwy", "r": -31, "q": 47, "region": "W92000004", "colour": "#0DBC37", "id": "W07000083"}, "id": "W07000083"}, {"type": "Feature", "geometry": {"type": "Polygon", "coordinates": [[[0.03426, -0.06883], [0.03426, -0.07013], [0.03314, -0.07078], [0.03202, -0.07013], [0.03202, -0.06883], [0.03314, -0.06818], [0.03426, -0.06883], [0.03426, -0.06883]]]}, "properties": {"n": "Blaenau Gwent and Rhymney", "r": -33, "q": 49, "region": "W92000004", "colour": "#0DBC37", "id": "W07000084"}, "id": "W07000084"}, {"type": "Feature", "geometry": {"type": "Polygon", "coordinates": [[[0.03539, -0.06689], [0.03539, -0.06818], [0.03426, -0.06883], [0.03314, -0.06818], [0.03314, -0.06689], [0.03426, -0.06624], [0.03539, -0.06689], [0.03539, -0.06689]]]}, "properties": {"n": "Brecon, Radnor and Cwm Tawe", "r": -32, "q": 50, "region": "W92000004", "colour": "#0DBC37", "id": "W07000085"}, "id": "W07000085"}, {"type": "Feature", "geometry": {"type": "Polygon", "coordinates": [[[0.02752, -0.07663], [0.02752, -0.07793], [0.0264, -0.07858], [0.02527, -0.07793], [0.02527, -0.07663], [0.0264, -0.07598], [0.02752, -0.07663], [0.02752, -0.07663]]]}, "properties": {"n": "Bridgend", "r": -37, "q": 46, "region": "W92000004", "colour": "#0DBC37", "id": "W07000086"}, "id": "W07000086"}, {"type": "Feature", "geometry": {"type": "Polygon", "coordinates": [[[0.03314, -0.06689], [0.03314, -0.06818], [0.03202, -0.06883], [0.03089, -0.06818], [0.03089, -0.06689], [0.03202, -0.06624], [0.03314, -0.06689], [0.03314, -0.06689]]]}, "properties": {"n": "Caerfyrddin", "r": -32, "q": 49, "region": "W92000004", "colour": "#0DBC37", "id": "W07000087"}, "id": "W07000087"}, {"type": "Feature", "geometry": {"type": "Polygon", "coordinates": [[[0.03426, -0.07273], [0.03426, -0.07403], [0.03314, -0.07468], [0.03202, -0.07403], [0.03202, -0.07273], [0.03314, -0.07208], [0.03426, -0.07273], [0.03426, -0.07273]]]}, "properties": {"n": "Caerphilly", "r": -35, "q": 49, "region": "W92000004", "colour": "#0DBC37", "id": "W07000088"}, "id": "W07000088"}, {"type": "Feature", "geometry": {"type": "Polygon", "coordinates": [[[0.03202, -0.07663], [0.03202, -0.07793], [0.03089, -0.07858], [0.02977, -0.07793], [0.02977, -0.07663], [0.03089, -0.07598], [0.03202, -0.07663], [0.03202, -0.07663]]]}, "properties": {"n": "Cardiff East", "r": -37, "q": 48, "region": "W92000004", "colour": "#0DBC37", "id": "W07000089"}, "id": "W07000089"}, {"type": "Feature", "geometry": {"type": "Polygon", "coordinates": [[[0.03089, -0.07468], [0.03089, -0.07598], [0.02977, -0.07663], [0.02865, -0.07598], [0.02865, -0.07468], [0.02977, -0.07403], [0.03089, -0.07468], [0.03089, -0.07468]]]}, "properties": {"n": "Cardiff North", "r": -36, "q": 48, "region": "W92000004", "colour": "#0DBC37", "id": "W07000090"}, "id": "W07000090"}, {"type": "Feature", "geometry": {"type": "Polygon", "coordinates": [[[0.03089, -0.07858], [0.03089, -0.07987], [0.02977, -0.08052], [0.02865, -0.07987], [0.02865, -0.07858], [0.02977, -0.07793], [0.03089, -0.07858], [0.03089, -0.07858]]]}, "properties": {"n": "Cardiff South and Penarth", "r": -38, "q": 48, "region": "W92000004", "colour": "#0DBC37", "id": "W07000091"}, "id": "W07000091"}, {"type": "Feature", "geometry": {"type": "Polygon", "coordinates": [[[0.02977, -0.07663], [0.02977, -0.07793], [0.02865, -0.07858], [0.02752, -0.07793], [0.02752, -0.07663], [0.02865, -0.07598], [0.02977, -0.07663], [0.02977, -0.07663]]]}, "properties": {"n": "Cardiff West", "r": -37, "q": 47, "region": "W92000004", "colour": "#0DBC37", "id": "W07000092"}, "id": "W07000092"}, {"type": "Feature", "geometry": {"type": "Polygon", "coordinates": [[[0.03089, -0.07078], [0.03089, -0.07208], [0.02977, -0.07273], [0.02865, -0.07208], [0.02865, -0.07078], [0.02977, -0.07013], [0.03089, -0.07078], [0.03089, -0.07078]]]}, "properties": {"n": "Ceredigion Preseli", "r": -34, "q": 48, "region": "W92000004", "colour": "#0DBC37", "id": "W07000093"}, "id": "W07000093"}, {"type": "Feature", "geometry": {"type": "Polygon", "coordinates": [[[0.03314, -0.06299], [0.03314, -0.06429], [0.03202, -0.06494], [0.03089, -0.06429], [0.03089, -0.06299], [0.03202, -0.06234], [0.03314, -0.06299], [0.03314, -0.06299]]]}, "properties": {"n": "Clwyd East", "r": -30, "q": 49, "region": "W92000004", "colour": "#0DBC37", "id": "W07000094"}, "id": "W07000094"}, {"type": "Feature", "geometry": {"type": "Polygon", "coordinates": [[[0.03089, -0.06299], [0.03089, -0.06429], [0.02977, -0.06494], [0.02865, -0.06429], [0.02865, -0.06299], [0.02977, -0.06234], [0.03089, -0.06299], [0.03089, -0.06299]]]}, "properties": {"n": "Clwyd North", "r": -30, "q": 48, "region": "W92000004", "colour": "#0DBC37", "id": "W07000095"}, "id": "W07000095"}, {"type": "Feature", "geometry": {"type": "Polygon", "coordinates": [[[0.03202, -0.06494], [0.03202, -0.06624], [0.03089, -0.06689], [0.02977, -0.06624], [0.02977, -0.06494], [0.03089, -0.06429], [0.03202, -0.06494], [0.03202, -0.06494]]]}, "properties": {"n": "Dwyfor Meirionnydd", "r": -31, "q": 48, "region": "W92000004", "colour": "#0DBC37", "id": "W07000096"}, "id": "W07000096"}, {"type": "Feature", "geometry": {"type": "Polygon", "coordinates": [[[0.02303, -0.07663], [0.02303, -0.07793], [0.0219, -0.07858], [0.02078, -0.07793], [0.02078, -0.07663], [0.0219, -0.07598], [0.02303, -0.07663], [0.02303, -0.07663]]]}, "properties": {"n": "Gower", "r": -37, "q": 44, "region": "W92000004", "colour": "#0DBC37", "id": "W07000097"}, "id": "W07000097"}, {"type": "Feature", "geometry": {"type": "Polygon", "coordinates": [[[0.02415, -0.07468], [0.02415, -0.07598], [0.02303, -0.07663], [0.0219, -0.07598], [0.0219, -0.07468], [0.02303, -0.07403], [0.02415, -0.07468], [0.02415, -0.07468]]]}, "properties": {"n": "Llanelli", "r": -36, "q": 45, "region": "W92000004", "colour": "#0DBC37", "id": "W07000098"}, "id": "W07000098"}, {"type": "Feature", "geometry": {"type": "Polygon", "coordinates": [[[0.03314, -0.07078], [0.03314, -0.07208], [0.03202, -0.07273], [0.03089, -0.07208], [0.03089, -0.07078], [0.03202, -0.07013], [0.03314, -0.07078], [0.03314, -0.07078]]]}, "properties": {"n": "Merthyr Tydfil and Aberdare", "r": -34, "q": 49, "region": "W92000004", "colour": "#0DBC37", "id": "W07000099"}, "id": "W07000099"}, {"type": "Feature", "geometry": {"type": "Polygon", "coordinates": [[[0.0219, -0.07468], [0.0219, -0.07598], [0.02078, -0.07663], [0.01965, -0.07598], [0.01965, -0.07468], [0.02078, -0.07403], [0.0219, -0.07468], [0.0219, -0.07468]]]}, "properties": {"n": "Mid and South Pembrokeshire", "r": -36, "q": 44, "region": "W92000004", "colour": "#0DBC37", "id": "W07000100"}, "id": "W07000100"}, {"type": "Feature", "geometry": {"type": "Polygon", "coordinates": [[[0.03539, -0.07468], [0.03539, -0.07598], [0.03426, -0.07663], [0.03314, -0.07598], [0.03314, -0.07468], [0.03426, -0.07403], [0.03539, -0.07468], [0.03539, -0.07468]]]}, "properties": {"n": "Monmouthshire", "r": -36, "q": 50, "region": "W92000004", "colour": "#0DBC37", "id": "W07000101"}, "id": "W07000101"}, {"type": "Feature", "geometry": {"type": "Polygon", "coordinates": [[[0.03426, -0.06494], [0.03426, -0.06624], [0.03314, -0.06689], [0.03202, -0.06624], [0.03202, -0.06494], [0.03314, -0.06429], [0.03426, -0.06494], [0.03426, -0.06494]]]}, "properties": {"n": "Montgomeryshire and Glynd\u0175r", "r": -31, "q": 49, "region": "W92000004", "colour": "#0DBC37", "id": "W07000102"}, "id": "W07000102"}, {"type": "Feature", "geometry": {"type": "Polygon", "coordinates": [[[0.02977, -0.07273], [0.02977, -0.07403], [0.02865, -0.07468], [0.02752, -0.07403], [0.02752, -0.07273], [0.02865, -0.07208], [0.02977, -0.07273], [0.02977, -0.07273]]]}, "properties": {"n": "Neath and Swansea East", "r": -35, "q": 47, "region": "W92000004", "colour": "#0DBC37", "id": "W07000103"}, "id": "W07000103"}, {"type": "Feature", "geometry": {"type": "Polygon", "coordinates": [[[0.03426, -0.07663], [0.03426, -0.07793], [0.03314, -0.07858], [0.03202, -0.07793], [0.03202, -0.07663], [0.03314, -0.07598], [0.03426, -0.07663], [0.03426, -0.07663]]]}, "properties": {"n": "Newport East", "r": -37, "q": 49, "region": "W92000004", "colour": "#0DBC37", "id": "W07000104"}, "id": "W07000104"}, {"type": "Feature", "geometry": {"type": "Polygon", "coordinates": [[[0.03314, -0.07468], [0.03314, -0.07598], [0.03202, -0.07663], [0.03089, -0.07598], [0.03089, -0.07468], [0.03202, -0.07403], [0.03314, -0.07468], [0.03314, -0.07468]]]}, "properties": {"n": "Newport West and Islwyn", "r": -36, "q": 49, "region": "W92000004", "colour": "#0DBC37", "id": "W07000105"}, "id": "W07000105"}, {"type": "Feature", "geometry": {"type": "Polygon", "coordinates": [[[0.03202, -0.07273], [0.03202, -0.07403], [0.03089, -0.07468], [0.02977, -0.07403], [0.02977, -0.07273], [0.03089, -0.07208], [0.03202, -0.07273], [0.03202, -0.07273]]]}, "properties": {"n": "Pontypridd", "r": -35, "q": 48, "region": "W92000004", "colour": "#0DBC37", "id": "W07000106"}, "id": "W07000106"}, {"type": "Feature", "geometry": {"type": "Polygon", "coordinates": [[[0.02865, -0.07468], [0.02865, -0.07598], [0.02752, -0.07663], [0.0264, -0.07598], [0.0264, -0.07468], [0.02752, -0.07403], [0.02865, -0.07468], [0.02865, -0.07468]]]}, "properties": {"n": "Rhondda and Ogmore", "r": -36, "q": 47, "region": "W92000004", "colour": "#0DBC37", "id": "W07000107"}, "id": "W07000107"}, {"type": "Feature", "geometry": {"type": "Polygon", "coordinates": [[[0.02527, -0.07663], [0.02527, -0.07793], [0.02415, -0.07858], [0.02303, -0.07793], [0.02303, -0.07663], [0.02415, -0.07598], [0.02527, -0.07663], [0.02527, -0.07663]]]}, "properties": {"n": "Swansea West", "r": -37, "q": 45, "region": "W92000004", "colour": "#0DBC37", "id": "W07000108"}, "id": "W07000108"}, {"type": "Feature", "geometry": {"type": "Polygon", "coordinates": [[[0.03539, -0.07078], [0.03539, -0.07208], [0.03426, -0.07273], [0.03314, -0.07208], [0.03314, -0.07078], [0.03426, -0.07013], [0.03539, -0.07078], [0.03539, -0.07078]]]}, "properties": {"n": "Torfaen", "r": -34, "q": 50, "region": "W92000004", "colour": "#0DBC37", "id": "W07000109"}, "id": "W07000109"}, {"type": "Feature", "geometry": {"type": "Polygon", "coordinates": [[[0.02865, -0.07858], [0.02865, -0.07987], [0.02752, -0.08052], [0.0264, -0.07987], [0.0264, -0.07858], [0.02752, -0.07793], [0.02865, -0.07858], [0.02865, -0.07858]]]}, "properties": {"n": "Vale of Glamorgan", "r": -38, "q": 47, "region": "W92000004", "colour": "#0DBC37", "id": "W07000110"}, "id": "W07000110"}, {"type": "Feature", "geometry": {"type": "Polygon", "coordinates": [[[0.03539, -0.06299], [0.03539, -0.06429], [0.03426, -0.06494], [0.03314, -0.06429], [0.03314, -0.06299], [0.03426, -0.06234], [0.03539, -0.06299], [0.03539, -0.06299]]]}, "properties": {"n": "Wrexham", "r": -30, "q": 50, "region": "W92000004", "colour": "#0DBC37", "id": "W07000111"}, "id": "W07000111"}, {"type": "Feature", "geometry": {"type": "Polygon", "coordinates": [[[0.02752, -0.06104], [0.02752, -0.06234], [0.0264, -0.06299], [0.02527, -0.06234], [0.02527, -0.06104], [0.0264, -0.06039], [0.02752, -0.06104], [0.02752, -0.06104]]]}, "properties": {"n": "Ynys M\u00f4n", "r": -29, "q": 46, "region": "W92000004", "colour": "#0DBC37", "id": "W07000112"}, "id": "W07000112"}, {"type": "Feature", "geometry": {"type": "Polygon", "coordinates": [[[0.04888, -0.08247], [0.04888, -0.08377], [0.04775, -0.08442], [0.04663, -0.08377], [0.04663, -0.08247], [0.04775, -0.08182], [0.04888, -0.08247], [0.04888, -0.08247]]]}, "properties": {"n": "Aldershot", "r": -40, "q": 56, "region": "E12000008", "colour": "#67E767", "id": "E14001063"}, "id": "E14001063"}, {"type": "Feature", "geometry": {"type": "Polygon", "coordinates": [[[0.04888, -0.06299], [0.04888, -0.06429], [0.04775, -0.06494], [0.04663, -0.06429], [0.04663, -0.06299], [0.04775, -0.06234], [0.04888, -0.06299], [0.04888, -0.06299]]]}, "properties": {"n": "Aldridge-Brownhills", "r": -30, "q": 56, "region": "E12000005", "colour": "#E6007C", "id": "E14001064"}, "id": "E14001064"}, {"type": "Feature", "geometry": {"type": "Polygon", "coordinates": [[[0.04101, -0.05325], [0.04101, -0.05455], [0.03988, -0.0552], [0.03876, -0.05455], [0.03876, -0.05325], [0.03988, -0.0526], [0.04101, -0.05325], [0.04101, -0.05325]]]}, "properties": {"n": "Altrincham and Sale West", "r": -25, "q": 52, "region": "E12000002", "colour": "#1DD3A7", "id": "E14001065"}, "id": "E14001065"}, {"type": "Feature", "geometry": {"type": "Polygon", "coordinates": [[[0.0545, -0.05714], [0.0545, -0.05844], [0.05337, -0.05909], [0.05225, -0.05844], [0.05225, -0.05714], [0.05337, -0.05649], [0.0545, -0.05714], [0.0545, -0.05714]]]}, "properties": {"n": "Amber Valley", "r": -27, "q": 58, "region": "E12000004", "colour": "#00B6FF", "id": "E14001066"}, "id": "E14001066"}, {"type": "Feature", "geometry": {"type": "Polygon", "coordinates": [[[0.06012, -0.09027], [0.06012, -0.09157], [0.05899, -0.09221], [0.05787, -0.09157], [0.05787, -0.09027], [0.05899, -0.08962], [0.06012, -0.09027], [0.06012, -0.09027]]]}, "properties": {"n": "Arundel and South Downs", "r": -44, "q": 61, "region": "E12000008", "colour": "#67E767", "id": "E14001067"}, "id": "E14001067"}, {"type": "Feature", "geometry": {"type": "Polygon", "coordinates": [[[0.05899, -0.05714], [0.05899, -0.05844], [0.05787, -0.05909], [0.05674, -0.05844], [0.05674, -0.05714], [0.05787, -0.05649], [0.05899, -0.05714], [0.05899, -0.05714]]]}, "properties": {"n": "Ashfield", "r": -27, "q": 60, "region": "E12000004", "colour": "#00B6FF", "id": "E14001068"}, "id": "E14001068"}, {"type": "Feature", "geometry": {"type": "Polygon", "coordinates": [[[0.08484, -0.08637], [0.08484, -0.08767], [0.08372, -0.08832], [0.08259, -0.08767], [0.08259, -0.08637], [0.08372, -0.08572], [0.08484, -0.08637], [0.08484, -0.08637]]]}, "properties": {"n": "Ashford", "r": -42, "q": 72, "region": "E12000008", "colour": "#67E767", "id": "E14001069"}, "id": "E14001069"}, {"type": "Feature", "geometry": {"type": "Polygon", "coordinates": [[[0.0455, -0.04935], [0.0455, -0.05065], [0.04438, -0.0513], [0.04326, -0.05065], [0.04326, -0.04935], [0.04438, -0.0487], [0.0455, -0.04935], [0.0455, -0.04935]]]}, "properties": {"n": "Ashton-under-Lyne", "r": -23, "q": 54, "region": "E12000002", "colour": "#1DD3A7", "id": "E14001070"}, "id": "E14001070"}, {"type": "Feature", "geometry": {"type": "Polygon", "coordinates": [[[0.05899, -0.07273], [0.05899, -0.07403], [0.05787, -0.07468], [0.05674, -0.07403], [0.05674, -0.07273], [0.05787, -0.07208], [0.05899, -0.07273], [0.05899, -0.07273]]]}, "properties": {"n": "Aylesbury", "r": -35, "q": 60, "region": "E12000008", "colour": "#67E767", "id": "E14001071"}, "id": "E14001071"}, {"type": "Feature", "geometry": {"type": "Polygon", "coordinates": [[[0.0545, -0.06883], [0.0545, -0.07013], [0.05337, -0.07078], [0.05225, -0.07013], [0.05225, -0.06883], [0.05337, -0.06818], [0.0545, -0.06883], [0.0545, -0.06883]]]}, "properties": {"n": "Banbury", "r": -33, "q": 58, "region": "E12000008", "colour": "#67E767", "id": "E14001072"}, "id": "E14001072"}, {"type": "Feature", "geometry": {"type": "Polygon", "coordinates": [[[0.07585, -0.07858], [0.07585, -0.07987], [0.07473, -0.08052], [0.0736, -0.07987], [0.0736, -0.07858], [0.07473, -0.07793], [0.07585, -0.07858], [0.07585, -0.07858]]]}, "properties": {"n": "Barking", "r": -38, "q": 68, "region": "E12000007", "colour": "#D73058", "id": "E14001073"}, "id": "E14001073"}, {"type": "Feature", "geometry": {"type": "Polygon", "coordinates": [[[0.04438, -0.03571], [0.04438, -0.03701], [0.04326, -0.03766], [0.04213, -0.03701], [0.04213, -0.03571], [0.04326, -0.03506], [0.04438, -0.03571], [0.04438, -0.03571]]]}, "properties": {"n": "Barrow and Furness", "r": -16, "q": 54, "region": "E12000002", "colour": "#1DD3A7", "id": "E14001076"}, "id": "E14001076"}, {"type": "Feature", "geometry": {"type": "Polygon", "coordinates": [[[0.0736, -0.07078], [0.0736, -0.07208], [0.07248, -0.07273], [0.07135, -0.07208], [0.07135, -0.07078], [0.07248, -0.07013], [0.0736, -0.07078], [0.0736, -0.07078]]]}, "properties": {"n": "Basildon and Billericay", "r": -34, "q": 67, "region": "E12000006", "colour": "#FF6700", "id": "E14001077"}, "id": "E14001077"}, {"type": "Feature", "geometry": {"type": "Polygon", "coordinates": [[[0.04775, -0.08052], [0.04775, -0.08182], [0.04663, -0.08247], [0.0455, -0.08182], [0.0455, -0.08052], [0.04663, -0.07987], [0.04775, -0.08052], [0.04775, -0.08052]]]}, "properties": {"n": "Basingstoke", "r": -39, "q": 55, "region": "E12000008", "colour": "#67E767", "id": "E14001078"}, "id": "E14001078"}, {"type": "Feature", "geometry": {"type": "Polygon", "coordinates": [[[0.06012, -0.0552], [0.06012, -0.05649], [0.05899, -0.05714], [0.05787, -0.05649], [0.05787, -0.0552], [0.05899, -0.05455], [0.06012, -0.0552], [0.06012, -0.0552]]]}, "properties": {"n": "Bassetlaw", "r": -26, "q": 61, "region": "E12000004", "colour": "#00B6FF", "id": "E14001079"}, "id": "E14001079"}, {"type": "Feature", "geometry": {"type": "Polygon", "coordinates": [[[0.03764, -0.08247], [0.03764, -0.08377], [0.03651, -0.08442], [0.03539, -0.08377], [0.03539, -0.08247], [0.03651, -0.08182], [0.03764, -0.08247], [0.03764, -0.08247]]]}, "properties": {"n": "Bath", "r": -40, "q": 51, "region": "E12000009", "colour": "#178CFF", "id": "E14001080"}, "id": "E14001080"}, {"type": "Feature", "geometry": {"type": "Polygon", "coordinates": [[[0.06349, -0.08442], [0.06349, -0.08572], [0.06236, -0.08637], [0.06124, -0.08572], [0.06124, -0.08442], [0.06236, -0.08377], [0.06349, -0.08442], [0.06349, -0.08442]]]}, "properties": {"n": "Battersea", "r": -41, "q": 62, "region": "E12000007", "colour": "#D73058", "id": "E14001081"}, "id": "E14001081"}, {"type": "Feature", "geometry": {"type": "Polygon", "coordinates": [[[0.05225, -0.07663], [0.05225, -0.07793], [0.05112, -0.07858], [0.05, -0.07793], [0.05, -0.07663], [0.05112, -0.07598], [0.05225, -0.07663], [0.05225, -0.07663]]]}, "properties": {"n": "Beaconsfield", "r": -37, "q": 57, "region": "E12000008", "colour": "#67E767", "id": "E14001082"}, "id": "E14001082"}, {"type": "Feature", "geometry": {"type": "Polygon", "coordinates": [[[0.06461, -0.06689], [0.06461, -0.06818], [0.06349, -0.06883], [0.06236, -0.06818], [0.06236, -0.06689], [0.06349, -0.06624], [0.06461, -0.06689], [0.06461, -0.06689]]]}, "properties": {"n": "Bedford", "r": -32, "q": 63, "region": "E12000006", "colour": "#FF6700", "id": "E14001084"}, "id": "E14001084"}, {"type": "Feature", "geometry": {"type": "Polygon", "coordinates": [[[0.06686, -0.08247], [0.06686, -0.08377], [0.06574, -0.08442], [0.06461, -0.08377], [0.06461, -0.08247], [0.06574, -0.08182], [0.06686, -0.08247], [0.06686, -0.08247]]]}, "properties": {"n": "Bermondsey and Old Southwark", "r": -40, "q": 64, "region": "E12000007", "colour": "#D73058", "id": "E14001085"}, "id": "E14001085"}, {"type": "Feature", "geometry": {"type": "Polygon", "coordinates": [[[0.06686, -0.0474], [0.06686, -0.0487], [0.06574, -0.04935], [0.06461, -0.0487], [0.06461, -0.0474], [0.06574, -0.04675], [0.06686, -0.0474], [0.06686, -0.0474]]]}, "properties": {"n": "Beverley and Holderness", "r": -22, "q": 64, "region": "E12000003", "colour": "#F9BC26", "id": "E14001087"}, "id": "E14001087"}, {"type": "Feature", "geometry": {"type": "Polygon", "coordinates": [[[0.08035, -0.09027], [0.08035, -0.09157], [0.07922, -0.09221], [0.0781, -0.09157], [0.0781, -0.09027], [0.07922, -0.08962], [0.08035, -0.09027], [0.08035, -0.09027]]]}, "properties": {"n": "Bexhill and Battle", "r": -44, "q": 70, "region": "E12000008", "colour": "#67E767", "id": "E14001088"}, "id": "E14001088"}, {"type": "Feature", "geometry": {"type": "Polygon", "coordinates": [[[0.07473, -0.08052], [0.07473, -0.08182], [0.0736, -0.08247], [0.07248, -0.08182], [0.07248, -0.08052], [0.0736, -0.07987], [0.07473, -0.08052], [0.07473, -0.08052]]]}, "properties": {"n": "Bexleyheath and Crayford", "r": -39, "q": 67, "region": "E12000007", "colour": "#D73058", "id": "E14001089"}, "id": "E14001089"}, {"type": "Feature", "geometry": {"type": "Polygon", "coordinates": [[[0.03426, -0.05714], [0.03426, -0.05844], [0.03314, -0.05909], [0.03202, -0.05844], [0.03202, -0.05714], [0.03314, -0.05649], [0.03426, -0.05714], [0.03426, -0.05714]]]}, "properties": {"n": "Birkenhead", "r": -27, "q": 49, "region": "E12000002", "colour": "#1DD3A7", "id": "E14001091"}, "id": "E14001091"}, {"type": "Feature", "geometry": {"type": "Polygon", "coordinates": [[[0.04438, -0.03182], [0.04438, -0.03311], [0.04326, -0.03376], [0.04213, -0.03311], [0.04213, -0.03182], [0.04326, -0.03117], [0.04438, -0.03182], [0.04438, -0.03182]]]}, "properties": {"n": "Bishop Auckland", "r": -14, "q": 54, "region": "E12000001", "colour": "#D60303", "id": "E14001101"}, "id": "E14001101"}, {"type": "Feature", "geometry": {"type": "Polygon", "coordinates": [[[0.04326, -0.04156], [0.04326, -0.04286], [0.04213, -0.04351], [0.04101, -0.04286], [0.04101, -0.04156], [0.04213, -0.04091], [0.04326, -0.04156], [0.04326, -0.04156]]]}, "properties": {"n": "Blackburn", "r": -19, "q": 53, "region": "E12000002", "colour": "#1DD3A7", "id": "E14001102"}, "id": "E14001102"}, {"type": "Feature", "geometry": {"type": "Polygon", "coordinates": [[[0.03988, -0.03961], [0.03988, -0.04091], [0.03876, -0.04156], [0.03764, -0.04091], [0.03764, -0.03961], [0.03876, -0.03896], [0.03988, -0.03961], [0.03988, -0.03961]]]}, "properties": {"n": "Blackpool South", "r": -18, "q": 52, "region": "E12000002", "colour": "#1DD3A7", "id": "E14001105"}, "id": "E14001105"}, {"type": "Feature", "geometry": {"type": "Polygon", "coordinates": [[[0.06461, -0.09027], [0.06461, -0.09157], [0.06349, -0.09221], [0.06236, -0.09157], [0.06236, -0.09027], [0.06349, -0.08962], [0.06461, -0.09027], [0.06461, -0.09027]]]}, "properties": {"n": "Bognor Regis and Littlehampton", "r": -44, "q": 63, "region": "E12000008", "colour": "#67E767", "id": "E14001108"}, "id": "E14001108"}, {"type": "Feature", "geometry": {"type": "Polygon", "coordinates": [[[0.05787, -0.0552], [0.05787, -0.05649], [0.05674, -0.05714], [0.05562, -0.05649], [0.05562, -0.0552], [0.05674, -0.05455], [0.05787, -0.0552], [0.05787, -0.0552]]]}, "properties": {"n": "Bolsover", "r": -26, "q": 60, "region": "E12000004", "colour": "#00B6FF", "id": "E14001109"}, "id": "E14001109"}, {"type": "Feature", "geometry": {"type": "Polygon", "coordinates": [[[0.04101, -0.04545], [0.04101, -0.04675], [0.03988, -0.0474], [0.03876, -0.04675], [0.03876, -0.04545], [0.03988, -0.0448], [0.04101, -0.04545], [0.04101, -0.04545]]]}, "properties": {"n": "Bolton North East", "r": -21, "q": 52, "region": "E12000002", "colour": "#1DD3A7", "id": "E14001110"}, "id": "E14001110"}, {"type": "Feature", "geometry": {"type": "Polygon", "coordinates": [[[0.03876, -0.04545], [0.03876, -0.04675], [0.03764, -0.0474], [0.03651, -0.04675], [0.03651, -0.04545], [0.03764, -0.0448], [0.03876, -0.04545], [0.03876, -0.04545]]]}, "properties": {"n": "Bolton West", "r": -21, "q": 51, "region": "E12000002", "colour": "#1DD3A7", "id": "E14001112"}, "id": "E14001112"}, {"type": "Feature", "geometry": {"type": "Polygon", "coordinates": [[[0.03314, -0.0474], [0.03314, -0.0487], [0.03202, -0.04935], [0.03089, -0.0487], [0.03089, -0.0474], [0.03202, -0.04675], [0.03314, -0.0474], [0.03314, -0.0474]]]}, "properties": {"n": "Bootle", "r": -22, "q": 49, "region": "E12000002", "colour": "#1DD3A7", "id": "E14001113"}, "id": "E14001113"}, {"type": "Feature", "geometry": {"type": "Polygon", "coordinates": [[[0.06686, -0.0552], [0.06686, -0.05649], [0.06574, -0.05714], [0.06461, -0.05649], [0.06461, -0.0552], [0.06574, -0.05455], [0.06686, -0.0552], [0.06686, -0.0552]]]}, "properties": {"n": "Boston and Skegness", "r": -26, "q": 64, "region": "E12000004", "colour": "#00B6FF", "id": "E14001114"}, "id": "E14001114"}, {"type": "Feature", "geometry": {"type": "Polygon", "coordinates": [[[0.04101, -0.08832], [0.04101, -0.08962], [0.03988, -0.09027], [0.03876, -0.08962], [0.03876, -0.08832], [0.03988, -0.08767], [0.04101, -0.08832], [0.04101, -0.08832]]]}, "properties": {"n": "Bournemouth East", "r": -43, "q": 52, "region": "E12000009", "colour": "#178CFF", "id": "E14001115"}, "id": "E14001115"}, {"type": "Feature", "geometry": {"type": "Polygon", "coordinates": [[[0.03988, -0.08637], [0.03988, -0.08767], [0.03876, -0.08832], [0.03764, -0.08767], [0.03764, -0.08637], [0.03876, -0.08572], [0.03988, -0.08637], [0.03988, -0.08637]]]}, "properties": {"n": "Bournemouth West", "r": -42, "q": 52, "region": "E12000009", "colour": "#178CFF", "id": "E14001116"}, "id": "E14001116"}, {"type": "Feature", "geometry": {"type": "Polygon", "coordinates": [[[0.05, -0.08052], [0.05, -0.08182], [0.04888, -0.08247], [0.04775, -0.08182], [0.04775, -0.08052], [0.04888, -0.07987], [0.05, -0.08052], [0.05, -0.08052]]]}, "properties": {"n": "Bracknell", "r": -39, "q": 56, "region": "E12000008", "colour": "#67E767", "id": "E14001117"}, "id": "E14001117"}, {"type": "Feature", "geometry": {"type": "Polygon", "coordinates": [[[0.05337, -0.04351], [0.05337, -0.0448], [0.05225, -0.04545], [0.05112, -0.0448], [0.05112, -0.04351], [0.05225, -0.04286], [0.05337, -0.04351], [0.05337, -0.04351]]]}, "properties": {"n": "Bradford East", "r": -20, "q": 58, "region": "E12000003", "colour": "#F9BC26", "id": "E14001118"}, "id": "E14001118"}, {"type": "Feature", "geometry": {"type": "Polygon", "coordinates": [[[0.05, -0.04545], [0.05, -0.04675], [0.04888, -0.0474], [0.04775, -0.04675], [0.04775, -0.04545], [0.04888, -0.0448], [0.05, -0.04545], [0.05, -0.04545]]]}, "properties": {"n": "Bradford South", "r": -21, "q": 56, "region": "E12000003", "colour": "#F9BC26", "id": "E14001119"}, "id": "E14001119"}, {"type": "Feature", "geometry": {"type": "Polygon", "coordinates": [[[0.05112, -0.04351], [0.05112, -0.0448], [0.05, -0.04545], [0.04888, -0.0448], [0.04888, -0.04351], [0.05, -0.04286], [0.05112, -0.04351], [0.05112, -0.04351]]]}, "properties": {"n": "Bradford West", "r": -20, "q": 57, "region": "E12000003", "colour": "#F9BC26", "id": "E14001120"}, "id": "E14001120"}, {"type": "Feature", "geometry": {"type": "Polygon", "coordinates": [[[0.07473, -0.06494], [0.07473, -0.06624], [0.0736, -0.06689], [0.07248, -0.06624], [0.07248, -0.06494], [0.0736, -0.06429], [0.07473, -0.06494], [0.07473, -0.06494]]]}, "properties": {"n": "Braintree", "r": -31, "q": 67, "region": "E12000006", "colour": "#FF6700", "id": "E14001121"}, "id": "E14001121"}, {"type": "Feature", "geometry": {"type": "Polygon", "coordinates": [[[0.05787, -0.08247], [0.05787, -0.08377], [0.05674, -0.08442], [0.05562, -0.08377], [0.05562, -0.08247], [0.05674, -0.08182], [0.05787, -0.08247], [0.05787, -0.08247]]]}, "properties": {"n": "Brentford and Isleworth", "r": -40, "q": 60, "region": "E12000007", "colour": "#D73058", "id": "E14001124"}, "id": "E14001124"}, {"type": "Feature", "geometry": {"type": "Polygon", "coordinates": [[[0.07248, -0.06883], [0.07248, -0.07013], [0.07135, -0.07078], [0.07023, -0.07013], [0.07023, -0.06883], [0.07135, -0.06818], [0.07248, -0.06883], [0.07248, -0.06883]]]}, "properties": {"n": "Brentwood and Ongar", "r": -33, "q": 66, "region": "E12000006", "colour": "#FF6700", "id": "E14001125"}, "id": "E14001125"}, {"type": "Feature", "geometry": {"type": "Polygon", "coordinates": [[[0.03988, -0.07858], [0.03988, -0.07987], [0.03876, -0.08052], [0.03764, -0.07987], [0.03764, -0.07858], [0.03876, -0.07793], [0.03988, -0.07858], [0.03988, -0.07858]]]}, "properties": {"n": "Bristol East", "r": -38, "q": 52, "region": "E12000009", "colour": "#178CFF", "id": "E14001132"}, "id": "E14001132"}]}
